ID,Text,Translation,Old Translation,Gender
302535920000051,,
302535920001302,,
302535920001303,,
302535920001304,,
302535920001305,,
302535920001306,,
302535920001307,,
302535920001308,,
302535920001309,,
302535920001310,,
302535920001311,,
302535920001312,,
302535920001313,,
302535920001314,,
302535920001315,,
302535920001316,,
302535920001317,,
302535920001318,,
302535920001319,,
302535920001320,,
302535920001321,,
302535920001322,,
302535920001323,,
302535920001324,,
302535920001325,,
302535920001326,,
302535920001327,,
302535920001328,,
302535920001329,,
302535920001330,,
302535920001331,,
302535920001332,,
302535920001333,,
302535920001334,,
302535920001335,,
302535920001336,,
302535920001337,,
302535920001338,,
302535920001339,,
302535920001340,,
302535920001341,,
302535920001342,,
302535920001343,,
302535920001344,,
302535920001345,,
302535920001346,,
302535920001347,,
302535920001348,,
302535920001349,,
302535920001350,,
302535920000887,ECM,
302535920000000,Expanded Cheat Menu,
302535920000104,Expanded CM,
302535920000306,Everything,
302535920000242,Modify ECM Files,
302535920001167,Use Ctrl/Shift for multiple selection.,
302535920000855,Last chance before deletion!,
302535920000800,MaleOrFemale,
302535920000613,Drone Carry Amount,
302535920000914,Current capacity,
302535920001266,Borked Transport Pathing,
302535920000979,Presets,
302535920000955,Handle,
302535920001201,Interval,
302535920000014,Spawned,
302535920000016,Colour,
302535920000021,Change Colour,
302535920000030,Enabled,
302535920000034,Request,
302535920000035,Grids,
302535920000036,Disabled,
302535920000037,Electricity,
302535920000038,Pick a checkbox next time...,
302535920000039,Don't pick both checkboxes next time...,
302535920000042,City,
302535920000063,unknown name,
302535920000074,Cancel without changing anything.,
302535920000084,Auto-Refresh,
302535920000090,Error opening: %s,
302535920000106,Current,
302535920000111,Cover the entire map from the centre.,
302535920000112,Cover the entire map from a corner.,
302535920000115,Toggle selection to update visible hex grid.,
302535920000129,Set,
302535920000142,Disable,
302535920000157,Cables & Pipes,
302535920000281,Remove,
302535920000750,Dome Only,
302535920000751,Will only apply to colonists in the same dome as selected colonist.,
302535920000752,Selected Only,
302535920000753,Will only apply to selected colonist.,
302535920000769,Selected,
302535920000834,Max,
302535920000841,Current gravity: %s,
302535920000933,Current speed: %s,
302535920001079,Enable,
302535920001084,Reset,
302535920000031,Find Nearest Resource,
302535920000555,Monitor Info,
302535920000033,Post a request on Nexus or Github or send an email to: %s,
302535920001092,Pins,
302535920000471,Object Manipulator,
302535920000004,Dump,
302535920000201,Active,
302535920000001,"F2 to toggle Cheats Menu (Ctrl-F2 for Cheats Pane), and F9 to clear console log text.
Press ~ or Enter and click the ""Console"" button to toggle showing console log history.",
302535920000013,This shouldn't happen... Well shit something's bork bork bork.,
302535920000002,Dumped: %s,
302535920000003,Can't dump nothing,
302535920000041,Add new entry to %s (Defaults to name/value of selected item).,
302535920000165,or,
302535920000166,BROKEN FUNCTION,
302535920000353,Scripts,
302535920000793,History,
302535920000881,"Place .lua files in %s to have them show up in the ""Scripts"" list, you can then use the list to execute them (you can also create folders for sorting).",
302535920000888,Any .lua files in here will be part of a list that you can execute in-game from the console menu.,
302535920000739,Black,
302535920000740,Asian,
302535920001283,Indian,
302535920001284,Southeast Asian,
302535920000006,Failed to save settings to %s : %s,
302535920000007,"Problem loading AppData/Surviving Mars/CheatMenuModSettings.lua
If you can delete it and still get this error; please send it and this log to the author.",
302535920000008,Error: Couldn't convert old settings to new settings,
302535920000009,Missing Scenario Name,
302535920000010,Missing Name,
302535920000011,Missing Description,
302535920001297,Toggle Flight Grid,
302535920001298,Shows a square grid with terrain/objects shape.,
302535920001291,Cancel: Use Files.hpk after you restart.,
302535920001290,OK: Overwrite old files!,
302535920001289,"ECM was updated and you are using the older files in ""%s"".
Press OK to update files (backup your changed files first).

ECM is stuck on the older files till you restart.",
302535920001267,%s at position: %s was stopped.,
302535920000967,Nothing selected.,
302535920000968,Collisions,
302535920000969,Collisions %s on %s,
302535920000012,Error borked building: %s,
302535920000015,Can't colour object,
302535920000017,Use the colour picker (dbl right-click for instant change).,
302535920000018,Don't use the colour picker: Numbers range from -255 to 255.,
302535920000019,"Single colour for object (this colour will interact with the other colours).
If you want to change the colour of an object you can't with 1-4 (like drones).",
302535920000020,Colour is set on %s.,
302535920000022,"If number is 8421504 (0 for Metallic/Roughness) then you probably can't change that colour.

The colour picker doesn't work for Metallic/Roughness.
You can copy and paste numbers if you want (click item again after picking).",
302535920000023,All of type,
302535920000024,Change all objects of the same type.,
302535920000025,Default Colour,
302535920000026,if they're there; resets to default colours.,
302535920000027,Nothing selected,
302535920000028,Find Resource,
302535920000029,Error: Cannot find any %s.,
302535920000032,Select a resource to find,
302535920000247,Startup ticks,
302535920000729,You've started a mystery!,
302535920000730,You've chosen a mystery!,
302535920000731,Deutsche Gesellschaft f√ºr Rassenhygiene,
302535920000732,"Childkiller: You evil, evil person.",
302535920000733,Open a preset in the editor.,
302535920000735,Timer delay skipped,
302535920001277,Open %s in the Object Examiner.,
302535920001053,Fill up %s with fuel.,
302535920000005,Drops a new colonist in selected dome.,
302535920001246,Changes colour of %s back to default.,
302535920000885,Permanently delete %s,
302535920001199,"Double the amount of colonist slots for this %s.

Reselect to update display.",
302535920001200,"Reset the capacity of colonist slots for this %s.

Reselect to update display.",
302535920001202,Fill all stat bars.,
302535920001203,Double %s's performance.,
302535920001204,Reset %s's performance to default.,
302535920001205,Randomly set %s's specialization.,
302535920001207,"Add: %s to this building.

%s.",
302535920001209,Make this %s not need workers (performance: %s).,
302535920001210,Make this %s need workers.,
302535920001211,Double the export storage capacity of this %s.,
302535920001212,Double the storage capacity of this %s.,
302535920001213,Reset the storage capacity of this %s to default.,
302535920001214,sticks small depot in front of mech depot and moves all resources to it (max of 20 000).,
302535920001215,Turn on all work shifts.,
302535920001216,Double the battery capacity.,
302535920001217,Double the shuttles this ShuttleHub can control.,
302535920001218,Selects nearest storage containing specified resource (shows list of resources).,
302535920001220,Change this %s so it doesn't need a power source.,
302535920001221,Change this %s so it needs a power source.,
302535920000853,Change this %s so it doesn't need a water source.,
302535920001247,Change this %s so it needs a water source.,
302535920001248,Change this %s so it doesn't need a oxygen source.,
302535920001249,Change this %s so it needs a oxygen source.,
302535920001223,Hides any signs above %s (until state is changed).,
302535920001224,Changes colour of %s to random colours (doesn't change attachments).,
302535920001225,Add visual dust and maintenance points.,
302535920001226,You may need to use AddDust before using this to change the building visually.,
302535920001227,Turns object into ruin.,
302535920001228,This will remove the %s object from the map.,
302535920001230,"Empties the storage of this building.

If this isn't a dumping site then waste rock will not be emptied.",
302535920001231,Refill the deposit to full capacity.,
302535920001232,Fill the storage of this building.,
302535920001233,Launches rocket without asking.,
302535920001234,Double the amount this %s can hold.,
302535920001236,Double amount of reneagades this station can negate (currently: %s) < Reselect to update amount.,
302535920001301,Edit Text,
302535920000721,Overwrite,
302535920000827,Check this to overwrite file instead of appending to it.,
302535920000734,Clear Log,
302535920001026,Show File Log,
302535920001091,Flushes log to disk and displays in console log.,
302535920001152,Clear out the console log (F9 also works).,
302535920001154,Displays the log text in a window you can copy sections from.,
302535920000563,Copy Log Text,
302535920001120,Console Log Window,
302535920001073,Console,
302535920001080,Console History Items,
302535920001089,Settings & Commands,
302535920001112,Console Log,
302535920001119,Toggle showing the console log on screen.,
302535920001133,Toggle showing the console log window on screen.,
302535920001138,Execute this command in the console.,
302535920001159,Any .lua files contained in %s.,
302535920000071,Show Mods Log,
302535920000870,Shows any errors from loading mods in console log.,
302535920000692,Log is blank (well not anymore).,
302535920000477,Clear out the windowed console log.,
302535920000865,Toggle Trans,
302535920000970,Toggle Object Flash,
302535920000972,Flashes object being examined.,
302535920001057,Data,
302535920001257,Auto-refresh list every second.,
302535920001239,Functions,
302535920001240,Show all functions of this object and parents/ancestors.,
302535920001001,ECM: Slight issue with %s you may safely ignore the following error or three.,
302535920000520,Parents,
302535920000525,Ancestors,
302535920000553,Examine parent and ancestor objects.,
302535920000414,Are you sure you wish to destroy it?,
302535920000323,Exec Code,
302535920000239,Tools,
302535920000228,Assign to,
302535920000069,Examine,
302535920000043,"Scrolls to text entered (press Enter to scroll between found text, Up arrow to scroll to top).",
302535920000044,Go to text,
302535920000045,"Scrolls down one line or scrolls between text in ""Go to text"".

Right-click to scroll to top.",
302535920000046,dumps text to AppData/DumpedExamine.lua,
302535920000047,"View text, and optionally dumps text to AppData/DumpedExamine.lua (don't use this option on large text).",
302535920000048,View,
302535920001027,"dumps object to AppData/DumpedExamineObject.lua

This can take time on something like the ""Building"" metatable.",
302535920000049,"View text, and optionally dumps object to AppData/DumpedExamineObject.lua

This can take time on something like the ""Building"" metatable (don't use this option on large text)",
302535920000050,Opens object in Object Manipulator.,
302535920000052,"Execute code (using console for output). ChoGGi.CurObj is whatever object is opened in examiner.
Which you can then mess around with some more in the console.",
302535920000053,Attaches,
302535920000054,Any objects attached to this object.,
302535920000056,Trace Log,
302535920000057,relative times,
302535920000058,[ShowIt],
302535920000059,[Clear Markers],
302535920000060,[Destroy It!],
302535920000061,[Log],
302535920000062,[Times],
302535920000064,[Transp],
302535920000065,Short,
302535920000066,Long,
302535920000067,TraceCall,
302535920000070,"Shows list of attachments. This %s has %s.

Press %s to hide markers.",
302535920000040,Exec Code,
302535920000072,"Paste or type code to be executed here, ChoGGi.CurObj is the examined object.
Press Ctrl-Enter or Shift-Enter to execute code.",
302535920000073,Exec code (Ctrl-Enter or Shift-Enter to execute code).,
302535920000075,Insert Obj,
302535920000076,At caret position inserts: ChoGGi.CurObj,
302535920000068,Filter Text,
302535920000806,"Only show items containing this text.

Press Enter to clear value.",
302535920000077,"You can enter a custom value to be applied.

Warning: Entering the wrong value may crash the game or otherwise cause issues.",
302535920000078,Add Custom Value,
302535920000079,< Use custom value,
302535920000080,Apply and close dialog (Arrow keys and Enter/Esc can also be used).,
302535920000081,Double right-click to set without closing dialog.,
302535920000082,"Check this for ""All of type"" to only apply to connected grid.",
302535920000085,"Auto-refresh list every ""Amount"".",
302535920000086,Manually refresh the list.,
302535920000087,Refresh delay in ms,
302535920000088,Double right-click to open list of objects.,
302535920000089,Nothing left,
302535920000091,Auto-refresh list every second (turn off to edit values).,
302535920000092,Refresh list.,
302535920000093,Go to Obj,
302535920000094,View object on map.,
302535920000095,New Entry,
302535920000096,Enter the name of the new entry to be added.,
302535920000097,New Value,
302535920000098,Set the value of the new entry to be added.,
302535920000099,Apply To All,
302535920000100,Apply selected value to all objects of the same type.,
302535920000101,"You can only change strings/numbers/booleans (to remove set value to nil).
Value is updated while typing.
Press Enter to refresh list (update names).

Double click selected item to open in new manipulator.",
302535920000102,Use to change values of selected list item.,
302535920000103,Edit Value,
302535920000105,Set Food Storage,
302535920000107,"%s: I must not fear. Fear is the mind-killer. Fear is the little-death that brings total obliteration.
I will face my fear. I will permit it to pass over me and through me.
And when it has gone past I will turn the inner eye to see its path.
Where the fear has gone there will be nothing. Only I will remain.",
302535920000108,Select a building with a protect_range (MDSLaser/DefenceTower).,
302535920000109,Protect,
302535920000113,%s range is now %s.,
302535920000114,Set Protection Radius,
302535920000116,%s: Buildings unlocked.,
302535920000117,Unlock Buildings,
302535920000118,Pick the buildings you want to unlock (use Ctrl/Shift for multiple).,
302535920000119,%s: Is that a rocket in your pocket?,
302535920000120,You need to select a building that uses electricity.,
302535920000122,You need to select a building that has capacity (air/water/elec).,
302535920000121,You need to select a building that uses water.,
302535920001250,You need to select a building that uses oxygen.,
302535920000124,Charge,
302535920000125,Discharge,
302535920000127,Rate,
302535920000128,%s rate is now: %s,
302535920000130,Dis/Charge Rates,
302535920000131,Current rate,
302535920000132,Change charge rate,
302535920000133,Change discharge rate,
302535920000134,Building Orientation,
302535920000135,"Well, I been working in a coal mine.
Going down, down.
Working in a coal mine.
Whew, about to slip down.",
302535920000136,"Select something that produces (air,water,electricity,other).",
302535920000137,%s production is now: %s,
302535920000139,Production Amount,
302535920000140,Current production,
302535920000141,Select a building with workers.,
302535920000143,"%s:
I presume the PM's in favour of the scheme because it'll reduce unemployment.",
302535920000144,Automated Performance,
302535920000145,"Sets performance of all automated buildings of this type
Current: %s",
302535920000147,Only apply to selected object instead of all,
302535920000148,"%s:
You keep your work station so clean, Jerome.
It's next to godliness. Isn't that what they say?",
302535920000149,"%s:
There's more vodka in this piss than there is piss.",
302535920000150,%s: Good for what ails you,
302535920000151,%s: The spice must flow!,
302535920000152,"%s: Pussy, pussy, pussy! Come on in Pussy lovers! Here at the Titty Twister weíre slashing pussy in half! Give us an offer on our vast selection of pussy! This is a pussy blow out!
Alright, we got white pussy, black pussy, spanish pussy, yellow pussy. We got hot pussy, cold pussy. We got wet pussy. We got smelly pussy. We got hairy pussy, bloody pussy. We got snapping pussy. We got silk pussy, velvet pussy, naugahyde pussy. We even got horse pussy, dog pussy, chicken pussy.
C'mon, you want pussy, come on in Pussy Lovers! If we donít got it, you don't want it! Come on in Pussy lovers!Attention pussy shoppers!
Take advantage of our penny pussy sale! If you buy one piece of pussy at the regular price, you get another piece of pussy of equal or lesser value for only a penny!
Try and beat pussy for a penny! If you can find cheaper pussy anywhere, fuck it!",
302535920000153,"%s:
So, er, we the crew of the Eagle 5, if we do encounter, make first contact with alien beings,
it is a friendship greeting from the children of our small but great planet of Potatoho.",
302535920000154,"%s:
Your home will not be a hut on some swampy outback planet your home will be the entire universe.",
302535920000155,"%s:
We were all feeling a bit shagged and fagged and fashed,
it having been an evening of some small energy expenditure, O my brothers.
So we got rid of the auto and stopped off at the Korova for a nightcap.",
302535920000156,%s: Aliens? We gotta deal with aliens too?,
302535920000158,%s: No no I said over there.,
302535920000159,"%s: Unlimited Wonders
(restart to set disabled).",
302535920000160,"%s: Freedom for spires!
(restart to set disabled).",
302535920000161,%s: Buildings Instant Build,
302535920000162,"%s: Hidden Buildings
(restart to toggle).",
302535920000163,Radius,
302535920001241,Instant Build,
302535920000164,Storage Amount Of Diner & Grocery,
302535920000167,Change how much food is stored in them (less chance of starving colonists when busy).,
302535920000168,Triboelectric Scrubber Radius,
302535920000169,"Ladies and gentlemen, this is your captain speaking. We have a small problem.
All four engines have stopped. We are doing our damnedest to get them going again.
I trust you are not in too much distress.",
302535920000170,Extend the range of the scrubber.,
302535920000171,SubsurfaceHeater Radius,
302535920000172,Some smart quip about heating?,
302535920000173,Extend the range of the heater.,
302535920000174,Always Dusty,
302535920000175,"Buildings will never lose their dust (unless you turn this off, then it'll reset the dust amount).",
302535920000176,Empty Mech Depot,
302535920000177,Empties out selected/moused over mech depot into a small depot in front of it.,
302535920000178,Protection Radius,
302535920000179,Change threat protection coverage distance.,
302535920000180,Unlock Locked Buildings,
302535920000181,Gives you a list of buildings you can unlock in the build menu.,
302535920000182,Pipes Pillars Spacing,
302535920000183,Only place Pillars at start and end.,
302535920000184,Unlimited Connection Length,
302535920000185,"No more length limits to pipes, cables, and passages.",
302535920000186,Power-free Building,
302535920000187,Toggle electricity use for selected building type.,
302535920001251,Water-free Building,
302535920001252,Toggle water use for selected building type.,
302535920001253,Oxygen-free Building,
302535920001254,Toggle oxygen use for selected building type.,
302535920000188,Set Charge & Discharge Rates,
302535920000189,Change how fast Air/Water/Battery storage capacity changes.,
302535920000190,Use last building placement orientation.,
302535920000191,Use Last Orientation,
302535920000192,Farm Shifts All On,
302535920000193,Turns on all the farm shifts.,
302535920000194,Production Amount Set,
302535920000195,"Set production of buildings of selected type, also applies to newly placed ones.
Works on any building that produces.",
302535920000196,Fully Automated Building,
302535920000197,Work without workers (select a building and this will apply to all of type or selected).,
302535920000198,Sanatoriums Cure All,
302535920000199,"Toggle curing all traits (use ""Show All Traits"" & ""Show Full List"" to manually set).",
302535920000200,Schools Train All,
302535920000202,Sanatoriums & Schools: Show All Traits,
302535920000203,Shows all appropriate traits in Sanatoriums/Schools side panel popup menu.,
302535920000204,Sanatoriums & Schools: Show Full List,
302535920000205,Toggle showing full list of trait selectors in side pane.,
302535920000206,Maintenance Free Inside,
302535920000207,Buildings inside domes don't build maintenance points (takes away instead of adding).,
302535920000208,Maintenance Free,
302535920000209,Building maintenance points reverse (takes away instead of adding).,
302535920000210,Moisture Vaporator Penalty,
302535920000211,Disable penalty when Moisture Vaporators are close to each other.,
302535920000213,Remove Threshold for failing crops (crops won't fail).,
302535920000214,Cheap Construction,
302535920000215,Build with minimal resources.,
302535920000216,Building Damage Crime,
302535920000217,Disable damage from renegedes to buildings.,
302535920000218,No Chance Of Break,
302535920000219,will never break.,
302535920000221,are built instantly.,
302535920000222,Unlimited Wonders,
302535920000223,Unlimited wonder build limit (restart game to toggle).,
302535920000224,Show Hidden Buildings,
302535920000225,Show hidden buildings (restart game to toggle).,
302535920000226,Build Spires Outside of Spire Point,
302535920000227,"Build spires outside spire point.
Use with Remove Building Limits to fill up a dome with spires.",
302535920000229,Buildings are built instantly.,
302535920000230,Remove Building Limits,
302535920000231,"Buildings can be placed almost anywhere (I left uneven terrain blocked, and pipes don't like domes).",
302535920000123,Stops most disasters,
302535920000251,Metatron Ion Storm,
302535920001278,Instant Research,
302535920001279,Instantly research anything you click.,
302535920000305,Research Queue Size,
302535920000266,Spawn,
302535920000295,Add Research Points,
302535920000232,Draggable Cheats Menu,
302535920000329,Manage Mysteries,
302535920000321,Toggle Width Of Cheats Menu On Hover,
302535920000322,Makes the cheats menu just show Cheats till mouseover (restart to take effect).,
302535920000324,Cheats menu can be moved (restart to toggle).,
302535920000325,Keep Cheats Menu Position,
302535920000326,This menu will stay where you drag it.,
302535920000327,Map Exploration,
302535920000328,"Scanning, deep scanning, core mines, and alien imprints.",
302535920000330,Advance to next part or remove mysteries.,
302535920000331,Start Mystery,
302535920000332,Pick and start a mystery (with instant start option).,
302535920000334,Show the disasters list and optionally start one.,
302535920000336,Spawn certain amount of colonists.,
302535920000337,Unlock all buildings,
302535920000338,Unlock all buildings for construction.,
302535920000339,Toggle All Shifts,
302535920000340,Toggle all workshifts on or off (farms only get one on).,
302535920000341,Update All Workplaces,
302535920000342,Updates all colonist's workplaces.,
302535920000343,Clear Forced Workplaces,
302535920000344,"Removes ""user_forced_workplace"" from all colonists.",
302535920000346,Pick what you want to unlock/research.,
302535920000348,Allow more items in queue.,
302535920000349,Reset All Research,
302535920000350,Resets all research (includes breakthrough tech).,
302535920000352,Complete item currently being researched.,
302535920000354,Add a specified amount of research points.,
302535920000355,Outsourcing For Free,
302535920000356,Outsourcing is free to purchase (over n over).,
302535920000357,Set Amount Of Breakthroughs Allowed,
302535920000358,How many breakthroughs are allowed to be unlocked?,
302535920000359,Breakthroughs From OmegaTelescope,
302535920000360,How many breakthroughs the OmegaTelescope will unlock.,
302535920000361,Unpin All Pinned Objects,
302535920000362,"Removes all objects from the ""Pin"" menu.",
302535920000363,Complete Wires & Pipes,
302535920000364,Complete all wires and pipes instantly.,
302535920000365,Complete Constructions,
302535920000366,Complete all constructions instantly.,
302535920000368,Switch to the mod editor.,
302535920000233,Cheats hover toggle,
302535920000234,Cheats menu save position,
302535920000235,"Save your game.
This will switch to a new map.",
302535920000237,Okay (change map),
302535920000238,"Are you sure you want to reset all research (includes breakthrough tech)?

Buildings are still unlocked.",
302535920000240,Stop,
302535920000241,Major,
302535920000245,Multi-Spawn,
302535920000246,Missle,
302535920000250,Might be a little laggy,
302535920000252,"Targeted to mouse cursor (use arrow keys to select and enter to start, Ctrl/Shift to multi-select).",
302535920000253,"Core: Repeatable, exploit core resources.",
302535920000254,"Deep: Toggleable, exploit deep resources.",
302535920000255,Deep,
302535920000256,Core,
302535920000257,Deep Scan,
302535920000258,Reveal Map,
302535920000259,Reveals the map squares,
302535920000260,Reveal Map (Deep).,
302535920000261,"Reveals the map and unlocks ""Deep"" resources.",
302535920000262,"Alice thought to herself.
""Now you will see a film made for children"".
Perhaps.
But I nearly forgot! You must close your eyes.
Otherwise you won't see anything.",
302535920000263,Scan Map,
302535920000264,You can select multiple items.,
302535920000267,"Colonist placing priority: Selected dome, Evenly between domes, or centre of map if no domes.",
302535920000268,Start A Mystery,
302535920000269,"Adding a mystery is cumulative, this will NOT replace existing mysteries.

See Cheats>%s to remove.",
302535920000270,Instant Start,
302535920000271,"May take up to one Sol to ""instantly"" activate mystery.",
302535920000272,"To play back speech use ""Tools>Exec"" and type in
g_Voice:Play(ChoGGi.CurObj.speech)",
302535920000273,Speech,
302535920000274,Message,
302535920000275,Total parts,
302535920000276,done?,
302535920000277,Removed all!,
302535920000278,Removed,
302535920000279,Manage,
302535920000280,"Skip the timer delay, and optionally skip the requirements (applies to all mysteries that are the same type).

Sequence part may have more then one check, you may have to skip twice or more.

Double right-click selected mystery to review past messages.",
302535920000282,"This will remove the mystery, if you start it again; it'll be back to the start.",
302535920000283,Remove All,
302535920000284,This will remove all the mysteries!,
302535920000285,"Click ""OK"" to skip requirements (Warning: may cause issues later on, untested).",
302535920000286,Part,
302535920000287,Timer delay removed (may take upto a Sol).,
302535920000288,Advancement requires,
302535920000289,Current part,
302535920000290,"Time duration has been set to 0 (you still need to complete the requirements).

Wait for a Sol or two for it to update (should give a popup msg).",
302535920000291,"Waiting for %s to finish.

Skip it?",
302535920000293,Unlocked all buildings for construction.,
302535920000294,Added,
302535920000296,If you need a little boost (or a lotta boost) in research.,
302535920000297,"%s:
Best hope you picked India as your Mars sponsor...",
302535920000298,"Max amount in UICity.tech_field list, you could make the amount larger if you want (an update/mod can add more).",
302535920000299,%s: Research is what I'm doing when I don't know what I'm doing.,
302535920000300,BreakThroughs From Omega,
302535920000301,Doubled the base amount.,
302535920000302,%s: S M R T,
302535920000303,BreakThroughs Allowed,
302535920000304,%s: Nerdgasm,
302535920000307,All the tech/breakthroughs/mysteries,
302535920000308,All Tech,
302535920000309,All the regular tech,
302535920000310,All Breakthroughs,
302535920000311,All the breakthroughs,
302535920000312,All Mysteries,
302535920000313,All the mysteries,
302535920000314,Researched,
302535920000315,%s: Unleash your inner Black Monolith Mystery.,
302535920000316,Research Unlock,
302535920000317,Select Unlock or Research then select the tech you want (Ctrl/Shift to multi-select).,
302535920000318,Unlock,
302535920000319,Just unlocks in the research tree.,
302535920000320,Unlocks and researchs.,
302535920000375,The Soylent Option,
302535920000212,Work,
302535920000444,Set Stats,
302535920000446,Colonist Death Age,
302535920000992,Building Traits,
302535920000912,Penalty,
302535920000736,"%s: Whoops somebody broke the rocket, guess you're stuck on mars.",
302535920000737,%s: Water? Like out of the toilet?,
302535920000738,Evil Overlord,
302535920000741,Race,
302535920000742,"Congratulations! You've been awarded the Childkiller title.



I think somebody has been playing too much Fallout...",
302535920000743,Childkiller,
302535920000744,%s: Wholesale slaughter,
302535920000745,Snacks,
302535920000747,"Convert useless meatbags into productive protein.

Certain colonists may take some time (traveling in shuttles).

This will not effect your applicants/game failure (genocide without reprisal ftw).",
302535920000748,Random resource,
302535920000749,Drops random resource instead of food.,
302535920000754,Emptied applicants pool.,
302535920000755,Applicants,
302535920000756,%s: Added applicants.,
302535920000757,Add Applicants To Pool,
302535920000758,Will take some time for 25K and up.,
302535920000759,Clear Applicant Pool,
302535920000760,"Remove all the applicants currently in the pool (checking this will ignore your list selection).

Current Pool Size: %s",
302535920000761,Are you sure you want to fire everyone?,
302535920000762,Yer outta here!,
302535920000763,Turn On All Shifts,
302535920000764,Turn Off All Shifts,
302535920000765,Early night? Vamos al bar un trago!,
302535920000766,This will change ALL shifts.,
302535920000767,Lower = more babies,
302535920000768,Higher = less babies,
302535920000770,"
Look at them, bloody Catholics, filling the bloody world up with bloody people they can't afford to bloody feed.",
302535920000771,Set the minimum comfort needed for birth,
302535920000772,"%s:
The mill's closed. There's no more work. We're destitute. I'm afraid I have no choice but to sell you all for scientific experiments.",
302535920000773,%s: I just love findin' subversives.,
302535920000774,Make All Renegades,
302535920000775,Remove All Renegades,
302535920000776,"OK, a limousine that can fly. Now I have seen everything.
Really? Have you seen a man eat his own head?
No.
So then, you haven't seen everything.",
302535920000777,Make Renegades,
302535920000778,%s: Happy as a pig in shit.,
302535920000779,%s: I love me some corpses.,
302535920000780,"%s:
Oh, give me a home where the Buffalo roam.
Where the Deer and the Antelope play;
Where seldom is heard a discouraging word.",
302535920000781,%s: Stupid and happy,
302535920000782,%s: Getting away ain't that easy,
302535920000783,%s: Free Air,
302535920000784,%s: Free Food,
302535920000785,%s: No Shame,
302535920000786,"%s:We've all seen them, on the playground, at the store, walking on the streets.",
302535920000787,"%s: Say, ""Small umbrella, small umbrella.""",
302535920000788,%s: You never know what you're gonna get.,
302535920000789,"%s: There's a voice that keeps on calling me.
Down the road is where I'll always be.
Maybe tomorrow, I'll find what I call home.
Until tomorrow, you know I'm free to roam.",
302535920000790,Set Outside Workplace Radius,
302535920000791,Current distance,
302535920000792,You may not want to make it too far away unless you turned off suffocation.,
302535920000794,Uses same code as game to pick death ages.,
302535920000795,Logan's Run (Novel),
302535920000796,Logan's Run (Movie),
302535920000797,TNG: Half a Life,
302535920000798,The Happy Place,
302535920000799,In Time,
302535920000801,Set Death Age,
302535920000802,Usual age is around %s. This doesn't stop colonists from becoming seniors; just death (research ForeverYoung for enternal labour).,
302535920000804,No lazy good fer nuthins round here,
302535920000805,Warning: Child will remove specialization.,
302535920000808,How the game normally works,
302535920000809,Only set as male or female,
302535920000807,Colonist Age,
302535920000810,Colonist Gender,
302535920000813,Colonist Specialization,
302535920000820,Colonist Race,
302535920000830,Colonists traits set,
302535920000831,Colonist Traits,
302535920000811,Everyone gets a spec,
302535920000812,Removes specializations,
302535920000814,Herrenvolk,
302535920000815,Schwarzvolk,
302535920000816,Asiatischvolk,
302535920000817,Indischvolk,
302535920000818,S¸dost Asiatischvolk,
302535920000819,Nationalsozialistische Rassenhygiene,
302535920000821,"Defaults to adding traits, check Remove to remove. Use Shift or Ctrl to select multiple traits.",
302535920000822,Use game defaults,
302535920000823,All Positive Traits,
302535920000824,All the positive traits...,
302535920000825,All Negative Traits,
302535920000826,All the negative traits...,
302535920001040,All Other Traits,
302535920001050,All the other traits...,
302535920000828,All the traits...,
302535920000829,Random: Each colonist gets three positive and three negative traits (if it picks same traits then you won't get all six).,
302535920000832,Check to remove traits,
302535920000833,All Stats,
302535920000835,Fill,
302535920000836,Set Stats Of All Colonists,
302535920000837,"Fill: Stat bar filled to 100
Max: 100000 (choose fill to reset),

Warning: Disable births or else...",
302535920000838,Colonist Move Speed,
302535920000839,Colonist gravity is now %s.,
302535920000840,Set Colonist Gravity,
302535920000842,Select a workplace or training building.,
302535920000843,Toggled traits,
302535920000844,Fired workers,
302535920000846,For,
302535920000847,Select traits and click Ok to toggle status.,
302535920000848,Fire Workers,
302535920000849,Will also fire workers with the traits from all %s.,
302535920000369,No More Earthsick,
302535920000370,Colonists will never become Earthsick (and removes any when you enable this).,
302535920000371,Traits: Restrict For Selected Building Type,
302535920000372,Select a building and use this to only allow workers with certain traits to work there (block overrides).,
302535920000373,Traits: Block For Selected Building Type,
302535920000374,Select a building and use this to block workers with certain traits from working there (overrides restrict).,
302535920000376,"Turns selected/moused over colonist into food (between 1-5), or shows a list with choices.",
302535920000377,Colonists Move Speed,
302535920000378,How fast colonists will move.,
302535920000379,Add Or Remove Applicants,
302535920000380,Add random applicants to the passenger pool (has option to remove all).,
302535920000381,Colonists Gravity,
302535920000382,Change gravity of Colonists.,
302535920000383,Fire All Colonists!,
302535920000384,Fires everyone from every job.,
302535920000385,Set All Work Shifts,
302535920000386,Set all shifts on or off (able to cancel).,
302535920000387,Colonists Avoid Fired Workplace,
302535920000388,"After being fired, Colonists won't avoid that Workplace searching for a Workplace.
Works after colonist idle.",
302535920000389,Performance Penalty Non-Specialist,
302535920000390,"Disable performance penalty for non-Specialists.
Activated when colonist changes job.",
302535920000391,Change how many hexes colonists search outside their dome when looking for a Workplace.,
302535920000392,Outside Workplace Radius,
302535920000393,Add Specialization To All,
302535920000394,If Colonist has no Specialization then add a random one,
302535920000395,Min Comfort Birth,
302535920000396,Change the limit on birthing comfort (more/less babies).,
302535920000397,Visit Fail Penalty,
302535920000398,Disable comfort penalty when failing to satisfy a need via a visit.,
302535920000399,Renegade Creation Toggle,
302535920000400,"Disable creation of renegades.
Works after daily update.",
302535920000401,Set Renegade Status,
302535920000402,Morale Always Max,
302535920000403,"Colonists always max morale (will effect birthing rates).
Only works on colonists that have yet to spawn (maybe).",
302535920000404,See Dead Sanity Damage,
302535920000405,"Disable colonists taking sanity damage from seeing dead.
Works after in-game hour.",
302535920000406,No Home Comfort Damage,
302535920000407,"Disable colonists taking comfort damage from not having a home.
Works after in-game hour.",
302535920000408,Chance Of Sanity Damage,
302535920000409,"Disable colonists taking sanity damage from certain events.
Works after in-game hour.",
302535920000410,University Grad Remove Idiot,
302535920000411,When colonist graduates this will remove idiot trait.,
302535920000412,Chance Of Negative Trait,
302535920000413,"Disable chance of getting a negative trait when Sanity reaches zero.
Works after colonist idle.",
302535920000415,"Disable chance of suicide when Sanity reaches zero.
Works after colonist idle.",
302535920000416,Colonists Suffocate,
302535920000417,"Disable colonists suffocating with no oxygen.
Works after in-game hour.",
302535920000418,Colonists Starve,
302535920000419,"Disable colonists starving with no food.
Works after colonist idle.",
302535920000420,Positive Playground,
302535920000421,100% Chance to get a perk (when grown) if colonist has visited a playground as a child.,
302535920000422,Project Morpheus Positive Trait,
302535920000423,100% Chance to get positive trait when Resting and ProjectMorpheus is active.,
302535920000424,Set Age New,
302535920000425,This will make all newly arrived and born colonists a certain age.,
302535920000426,Set Age,
302535920000427,This will make all colonists a certain age.,
302535920000428,Set Gender New,
302535920000429,This will make all newly arrived and born colonists a certain gender.,
302535920000430,Set Gender,
302535920000431,This will make all colonists a certain gender.,
302535920000432,Set Specialization New,
302535920000433,This will make all newly arrived colonists a certain specialization (children and spec = black cube).,
302535920000434,Set Specialization,
302535920000435,This will make all colonists a certain specialization.,
302535920000436,Set Race New,
302535920000437,This will make all newly arrived and born colonists a certain race.,
302535920000438,Set Race,
302535920000439,This will make all colonists a certain race.,
302535920000440,Set Traits New,
302535920000441,This will make all newly arrived and born colonists have certain traits.,
302535920000442,Set Traits,
302535920000443,Choose traits for all colonists.,
302535920000445,"Change the stats of all colonists (health/sanity/comfort/morale).

Not permanent.",
302535920000447,Change the age at which colonists die (applies to newly arrived and born colonists as well).,
302535920000448,"I'm afraid it could be 9/11 times 1,000.",
302535920001276,Nothing is deleted unless you check this.,
302535920000146,Delete Saved Games,
302535920001273,"Shows a list of saved games, and allows you to delete more than one at a time.",
302535920001274,This is permanent!,
302535920001275,Deleted %s saved games.,
302535920000467,Path Markers,
302535920001175,Debug FX,
302535920000453,Reload Lua,
302535920001222,Age,
302535920001229,Last Meal,
302535920001235,Last Rest,
302535920001237,Position,
302535920001163,"Flatten height has been choosen %s, press shortcut again to update buildable.",
302535920001164,"Flattening has been stopped, now updating buildable.",
302535920000851,"isn't an object?
Sounds like a borked save; send me the file and I'll take a look",
302535920000852,This will delete all %s of %s,
302535920000854,Takes about thirty seconds for 12 000 objects.,
302535920000856,"Yes, I want to delete all: %s",
302535920000857,"No, I need to backup my save first (like I should've done before clicking something called ""Delete All"").",
302535920000858,Idx,
302535920000859,Anim State,
302535920000860,Set Anim State,
302535920000861,Current State: %s,
302535920000862,Object Spawner (EntityData list),
302535920000863,Objects are unselectable with mouse cursor (hover mouse over and use Delete Object).,
302535920000866,Set MissionParams NewMap,
302535920000867,"Attention: You must press ""OK"" for these settings to take effect before choosing a map!

See the examine list on the left for ids.",
302535920000868,Choose map with settings presets:,
302535920000869,"This %s doesn't have GetPath function, something is probably borked.",
302535920000871,Doesn't seem to be an object that moves.,
302535920000872,Pathing,
302535920000873,Doesn't work that well.,
302535920000876,Remove Waypoints,
302535920000877,Remove waypoints from the map and reset colours.,
302535920000878,Skip Flags,
302535920000879,"Doesn't add the little flags, just lines and spheres (good for larger maps).",
302535920000454,Fires some commands to reload lua files (use OnMsg.ReloadLua() to listen for it).,
302535920000874,(see Path Markers to mark more than one at a time).,
302535920000864,Delete All Rocks,
302535920001208,Export Colonist Data To CSV,
302535920001219,Exports data about colonists to AppData/Colonists.csv,
302535920001176,Toggle showing FX debug info in console.,
302535920001184,Particles,
302535920000485,Flatten Terrain Toggle,
302535920000486,"Use the shortcut to turn this on as it will use where your cursor is as the height to flatten to.

Use Shift + Arrow keys to change the height/radius.",
302535920000449,Attach Spots Toggle,
302535920000450,Toggle showing attachment spots on selected object.,
302535920000451,Measure Tool,
302535920000452,Measures stuff (Use Ctrl-Shift-M to remove the lines).,
302535920000455,Object Cloner,
302535920000456,Clones selected/moused over object to current mouse position (should probably use the shortcut key rather than this menu item).,
302535920000457,Anim State Set,
302535920000458,Make object dance on command.,
302535920000459,Anim Debug Toggle,
302535920000460,Attaches text to each object showing animation info (or just to selected object).,
302535920000462,Maps paths in real time,
302535920000468,"Shows the selected unit path or show a list to add/remove paths for rovers, drones, colonists, or shuttles.",
302535920000469,Close Dialogs,
302535920000470,"Close any dialogs opened by ECM (Examine, ObjectManipulator, Change Colours, etc...).",
302535920000472,Manipulate objects (selected or under mouse cursor),
302535920000473,Selection Editor,
302535920000474,"Lets you manipulate objects.

If you leave it opened during a game load/save, then click this menu item to make it closeable).",
302535920000475,Object Spawner,
302535920000476,"Shows list of objects, and spawns at mouse cursor.

Warning: Unable to mouse select items after spawn.
hover mouse over and use Delete Selected Object.",
302535920000478,Clears console history display.,
302535920000479,Toggle Editor,
302535920000480,"Select object(s) then hold ctrl/shift/alt and drag mouse.
click+drag for multiple selection.

It's not as if domes need to be where you placed them (people will just ignore if you move the domes all to one place for that airy mars look).",
302535920000481,Open In Ged Object Editor,
302535920000482,It edits stuff?,
302535920000483,Write Console Log,
302535920000484,Write console log to AppData/logs/ConsoleLog.log (writes immediately).,
302535920000487,Delete All Of Selected Object,
302535920000488,Will ask for confirmation beforehand (will not delete domes).,
302535920000489,Delete Object(s),
302535920000490,"Deletes selected object or object under mouse cursor (most objs, not all).

Use Editor Mode and mouse drag to select multiple objects for deletion.",
302535920000491,Examine Current Obj,
302535920000492,Opens the object examiner,
302535920000493,Change Map,
302535920000494,"Change map (options to pick commander, sponsor, etc...

Attention: If you get yellow ground areas; just load it again.

The map disaster settings don't do jack (use ECM>Mission>Disasters).",
302535920000495,Particles Reload,
302535920000496,"Reloads particles from ""Data/Particles""...",
302535920000497,Toggle Terrain Deposit Grid,
302535920000498,Shows a grid around concrete.,
302535920000499,Toggle Hex Build + Passability Grid Visibility,
302535920000500,Shows a hex grid with green for buildable/walkable.,
302535920000501,Toggle Hex Passability Grid Visibility,
302535920000502,Shows a hex grid with green for walkable terrain.,
302535920000503,Toggle Hex Build Grid Visibility,
302535920000504,Shows a hex grid with green for buildable (ignores uneven terrain).,
302535920000535,Set ShuttleHub Shuttle Capacity,
302535920000509,Drone Rock To Concrete Speed,
302535920000511,Drone Move Speed,
302535920000543,RC Move Speed,
302535920000746,added,
302535920000917,dismantled,
302535920000880,Set Rover Charge Radius,
302535920000883,%s: I can see for miles and miles.,
302535920000884,Set Rover Work Radius,
302535920000886,Set DroneHub Work Radius,
302535920000889,base speed,
302535920000890,Upgraded,
302535920000891,apply tech unlocks,
302535920000894,Current amount,
302535920000895,Change Amount Of Drones,
302535920000896,Drones in hub,
302535920000897,Drone prefabs,
302535920000898,Dismantle,
302535920000899,Check this to dismantle drones in hub,
302535920000900,Build Speed,
302535920000901,Set Drone Factory Build Speed,
302535920000902,%s: What happens when the drones get into your Jolt Cola supply...,
302535920000903,and drink it...,
302535920000904,%s: More where that came from,
302535920000905,%s: Slight of hand,
302535920000906,%s: I'm singing in the rain. Just singin' in the rain. What a glorious feeling.,
302535920000907,"%s: Well, if jacking on'll make strangers think I'm cool, I'll do it!",
302535920000908,%s: You know what they say about leaky pipes.,
302535920000909,"If you set this amount larger then a building's ""Storage"" amount then the drones will NOT pick up storage (See: Fixes>%s).",
302535920000910,Somewhere above 1000 will delete the save (when it's full),
302535920000911,Drones can carry %s items.,
302535920000913,Set Drone Carry Capacity,
302535920000915,Max: 1000.,
302535920000916,DroneHubs can control %s drones.,
302535920000918,Set DroneHub Drone Capacity,
302535920000919,RC gravity is now %s.,
302535920000920,Set RC Gravity,
302535920000921,RC Rovers can control %s drones.,
302535920000923,Set Drone Gravity,
302535920000924,Set RC Rover Drone Capacity,
302535920000925,somewhere above 2000 will delete the save (when it's full),
302535920000926,RC Transport capacity is now %s.,
302535920000927,Set RC Transport Capacity,
302535920000928,somewhere above 1000 may delete the save (when it's full),
302535920000929,Shuttle storage is now %s.,
302535920000930,Set Cargo Shuttle Capacity,
302535920000931,Shuttle speed is now %s.,
302535920000932,Set Cargo Shuttle Speed,
302535920000934,ShuttleHub shuttle capacity is now %s.,
302535920000505,Work Radius RC Rover,
302535920000506,Change RC Rover drone radius (this ignores slider).,
302535920000507,Work Radius DroneHub,
302535920000508,Change DroneHub drone radius (this ignores slider).,
302535920000510,How long it takes drones to convert rock to concrete.,
302535920000512,How fast drones will move.,
302535920000513,Change Amount Of Drones In Hub,
302535920000514,Select a DroneHub then change the amount of drones in said hub (dependent on prefab amount).,
302535920000515,DroneFactory Build Speed,
302535920000516,Change how fast drone factories build drones.,
302535920000517,Drone Gravity,
302535920000518,Change gravity of Drones.,
302535920000519,Drone Battery Infinite,
302535920000521,Drone Build Speed,
302535920000522,Instant build/repair when resources are ready.,
302535920000523,Drone Meteor Malfunction,
302535920000524,Drones will not malfunction when close to a meteor impact site.,
302535920000526,Faster/Slower Drone Recharge.,
302535920000527,Drone Repair Supply Leak Speed,
302535920000528,Faster Drone fix supply leak.,
302535920000529,Drone Carry Amount,
302535920000530,Change amount drones can carry.,
302535920000531,Drones Per Drone Hub,
302535920000532,Change amount of drones Drone Hubs will command.,
302535920000533,Drones Per RC Rover,
302535920000534,Change amount of drones RC Rovers will command.,
302535920000536,Change amount of shuttles per shuttlehub.,
302535920000537,Set Capacity,
302535920000538,Change capacity of shuttles.,
302535920000539,Set Speed,
302535920000540,Change speed of shuttles.,
302535920000541,Set Charging Distance,
302535920000542,Distance from power lines that rovers can charge.,
302535920000544,How fast RCs will move.,
302535920000545,RC Gravity,
302535920000546,Change gravity of RCs.,
302535920000547,RC Rover Drone Recharge Free,
302535920000548,No more draining Rover Battery when recharging drones.,
302535920000549,RC Transport Instant Transfer,
302535920000550,RC Rover quick Transfer/Gather resources.,
302535920000551,RC Transport Storage Capacity,
302535920000552,Change amount of resources RC Transports can carry.,
302535920000333,Building Info,
302535920000345,Shows info about building in text above it.,
302535920001280,Double-click to toggle text (updates every second).,
302535920000126,Locked From Resupply View,
302535920000567,Worker Capacity,
302535920001272,Updated,
302535920000723,Add Prefabs,
302535920000725,Add Funding,
302535920000565,Storage Mechanized Depots Temp,
302535920000850,Change Resupply Settings,
302535920000719,Add Orbital Probes,
302535920000720,Add more probes.,
302535920000722,Change the amount of Food supplied with each Colonist arrival.,
302535920000724,Adds prefabs.,
302535920000726,Add more funding (or reset back to 500 M).,
302535920000727,Fill Selected Resource,
302535920000728,Fill the selected/moused over object's resource(s),
302535920001187,Add Probes,
302535920001188,%s: om nom nom nom nom,
302535920001189,Passengers,
302535920001190,Set Food Per Rocket Passenger,
302535920001194,Use edit box to enter amount of prefabs to add.,
302535920001195,(Reset to 500 M),
302535920001196,"If your funds are a negative value, then you added too much.
Fix with: %s",
302535920001198,Resource Filled,
302535920001269,Amount Per Click,
302535920001270,Weight Per Item,
302535920001271,Price Per Item,
302535920001121,Edit value for each setting you wish to change then press OK to save.,
302535920001191,%s %s prefabs have been added.,
302535920001192,Prefabs,
302535920000936,Something you'd like to see added?,
302535920000937,Laggy with lots of colonists.,
302535920000940,Select something to monitor.,
302535920000942,Are you sure you want to launch an empty rocket?,
302535920000943,Launch rocket to Mars.,
302535920000944,Yamato Hasshin!,
302535920000945,%s: I can still see some space...,
302535920000946,Set Rocket Cargo Capacity,
302535920000947,Instant,
302535920000948,Original,
302535920000949,Half of Original,
302535920000950,%s: 88 MPH,
302535920000951,Rocket Travel Time,
302535920000952,%s: Long pig sardines,
302535920000953,Set Colonist Capacity,
302535920000954,You need to select a building that has workers.,
302535920000956,for colonist capacity: Above a thousand is laggy (above 60K may crash).,
302535920000957,%s capacity is now %s.,
302535920000958,You need to select a building that has capacity.,
302535920000959,You need to select something that has space for visitors.,
302535920000960,%s visitor capacity is now %s.,
302535920000961,Visitor Capacity,
302535920000962,"Max capacity limited to:
Universal: 2,500,
Other: 20,000,
Waste: 1,000,000,
Mechanized: 1,000,000",
302535920000963,Size,
302535920001094,"Shows a list of all cargo and allows you to change the price, weight taken up, if it's locked from view, and how many per click.",
302535920000554,Select an object and click this to display a list of resources.,
302535920000556,Shows a list of updated information about your city.,
302535920000557,Launch Empty Rocket,
302535920000558,Launches an empty rocket to Mars.,
302535920000559,Cargo Capacity,
302535920000560,Change amount of storage space in rockets.,
302535920000561,Travel Time,
302535920000562,Change how long to take to travel between planets.,
302535920000564,Change how many colonists can arrive on Mars in a single Rocket.,
302535920000566,Allow the temporary storage to hold 100 instead of 50 cubes.,
302535920000568,"Set worker capacity of buildings of selected type, also applies to newly placed ones.",
302535920000569,Building Capacity,
302535920000570,"Set capacity of buildings of selected type, also applies to newly placed ones (colonists/air/water/elec).",
302535920000571,Building Visitor Capacity,
302535920000572,"Set visitors capacity of all buildings of selected type, also applies to newly placed ones.",
302535920000573,Storage Universal Depot,
302535920000574,Change universal storage depot capacity.,
302535920000575,Storage Other Depot,
302535920000576,Change other storage depot capacity.,
302535920000577,Storage Waste Depot,
302535920000578,Change waste storage depot capacity.,
302535920000579,Storage Mechanized Depots,
302535920000580,Change mechanized depot storage capacity.,
302535920001299,Toggle Working On All Buildings,
302535920001300,Does what it says; all buildings will have their working status toggled (fixes a couple issues).,
302535920001295,Drones Not Repairing Domes,
302535920001296,If your drones are just dumping polymers into the centre of your dome.,
302535920000922,Fixes,
302535920000935,Most,
302535920000938,Toggles,
302535920000615,Sort Command Center Dist,
302535920001071,Drone Charges From Rover Wrong Angle,
302535920000248,Colonists Stuck Outside Service Buildings,
302535920000464,Updating Rovers,
302535920000964,Rover Infinite Loop,
302535920000971,Sites,
302535920001268,"RC Transports on a route have a certain tendency to get stuck and bog the game down (high speed feels like normal speed).

This'll check for and stop any borked ones (it'll show a popup msg when it stops one).",
302535920000461,All Pipe Skins To Default,
302535920000463,"Large Water Tank + Pipes + Chrome skin = borked looking connections.
This resets all pipes to the default skin.",
302535920000249,"Colonists will leave a diner/etc and stop outside of it and not move anymore (might be related to one of those smarter worker ai mods).

Seems to fix it after a Sol or two, so you shouldn't need to leave this running.",
302535920001193,Remove Blue Grid Marks,
302535920001197,"If you have any buildings with the selection grid around it, and you don't have it selected.",
302535920000292,Reset Rovers,
302535920000882,"If you have borked rovers, this will probably fix them (may take a few seconds to apply).

You may need to toggle the recall drones button (for certain issues).",
302535920000939,"Fix certain freezing issues (mouse still moves screen, keyboard doesn't), will lower comfort by about 20.",
302535920000055,Reset All Colonists,
302535920000581,Toggle Collisions On Selected Object,
302535920000582,Just in case you get something stuck somewhere.,
302535920000583,Rebuild Walkable Points In Domes,
302535920000584,"Useful? who knows, won't hurt.",
302535920000585,Colonists Stuck Outside Rocket,
302535920000586,"If any colonists are stuck AND you don't have any other rockets unloading colonists.

This will do a little copy n paste fix (they'll keep the same traits/whatnot).",
302535920000587,Remove Missing Class Objects (Warning),
302535920000588,"May crash game, SAVE FIRST. These are probably from mods that were removed (if you're getting a PinDlg error then this should fix it).",
302535920000589,Fire Most Fixes,
302535920000590,"Fires all the fixes in the ""Most"" menu (nuke 'em from orbit and all that).
Should be safe to use without breaking anything.",
302535920000591,Colonists Trying To Board Rocket Freezes Game,
302535920000592,"Doesn't fix the underlying cause, but it works.",
302535920000593,Remove Particles With Null Polylines,
302535920000594,"It won't hurt anything to run this, as for when/if: I suppose if you have a broken looking object? or a meteor crashes into your mirror sphere power decoy thingy.
This may remove some smoke stacks like the concrete extractors (just toggle working on any that don't have smoke).",
302535920000595,Mirror Sphere Stuck,
302535920000596,"If you have a mirror sphere stuck at the edge of the map, and it just won't die/move... (also removes any borked cone of a captured sphere).",
302535920000597,Stutter With High FPS,
302535920000598,"If your units are doing stutter movement, but your FPS is fine then you likely have a unit with borked pathing (or there's one of those magical invisible walls in it's way).

This also works for colonists practicing the human centipede.",
302535920000599,Drones Keep Trying Blocked Areas,
302535920000600,"If you have a certain dronehub who's drones keep trying to get somewhere they can't reach, try this.",
302535920000601,Idle Drones Won't Build When Resources Available,
302535920000602,"If you have drones that are idle while contruction sites need to be built and resources are available then you likely have some unreachable building sites.

This removes any of those (resources won't be touched).",
302535920000603,Remove Yellow Grid Marks,
302535920000604,"If you have any buildings with those yellow grid marks around them (or anywhere else), then this will remove them.",
302535920000605,Project Morpheus Radar Fell Down,
302535920000606,Sometimes the blue radar thingy falls off.,
302535920000607,Instant Repair,
302535920000608,Instantly repair all broken pipes and cables.,
302535920000609,Attach Buildings To Nearest Working Dome,
302535920000610,If you placed inside buildings outside and removed the dome they're attached to; use this.,
302535920000611,Rover Infinite Loop In Curiosity Update,
302535920000612,"If everything freezes, but you can still move the camera around after moving a rover (enabled by default, restart to toggle).",
302535920000614,"Drones only pick up resources from buildings when the amount stored is equal or greater then their carry amount.
This forces them to pick up whenever there's more then one resource).

If you have an insane production amount set then it'll take an (in-game) hour between calling drones.",
302535920000616,"Each Sol goes through all buildings and sorts their cc list by nearest.

Takes less then a second on a map with 3616 buildings and 54 drone hubs.",
302535920000617,See tooltip,
302535920000618,"Fixes for stuff that I messed up, these should all be fine to fire even without the issues, but they shouldn't be needed.",
302535920000619,Fix Black Cube Colonists,
302535920000620,If any colonists are black cubes click this.,
302535920000621,Align All Buildings To Hex Grid,
302535920000622,If you have any buildings that aren't aligned to the hex grids use this.,
302535920001292,List All Objects,
302535920001293,A list of objects; double-click on one to select and move the camera to it.,
302535920001294,Laggy,
302535920000629,UI Transparency,
302535920000637,Video Memory,
302535920000635,Terrain Detail,
302535920000265,Pulsating Pins,
302535920000982,Custom,
302535920000633,Lights Radius,
302535920000641,Texture Compression,
302535920000643,Higher Render Distance,
302535920000645,Higher Shadow Distance,
302535920001238,Removes most rocks for that smooth map feel (will take about 30 seconds).,
302535920000803,For rules separate with spaces: Hunger ColonyPrefab (or leave blank for none).,
302535920000110,Min,
302535920000941,Max,
302535920000973,Change Terrain Texture,
302535920000974,Map default: %s,
302535920000975,Custom Lightmodel,
302535920000976,"Use double right click to test without closing dialog

Some settings can't be changed in the editor, but you can manually add them in the settings file (type ex(DataInstances.Lightmodel) and use dump obj).",
302535920000977,Semi-Permanent,
302535920000978,Make it stay at selected light model till reboot (use Misc>Change Light Model for Permanent).,
302535920000980,Opens up the list of premade styles so you can start with the settings from one.,
302535920000981,Choose to this remove Permanent setting.,
302535920000983,"Custom Lightmodel made with ""Change Light Model Custom"".",
302535920000984,Lighting,
302535920000985,Select Lightmodel Preset,
302535920000986,Change Lightmodel,
302535920000987,If you used Permanent; you must choose default to remove the setting (or it'll set the lightmodel next time you start the game).,
302535920000988,Permanent,
302535920000989,Make it stay at selected light model all the time (including reboots).,
302535920000990,"Open this style in ""Change Light Model Custom"".",
302535920000991,Double right-click to preview lightmodel without closing dialog.,
302535920000993,Build menu,
302535920000994,Console logging text,
302535920000995,Infopanel (selection),
302535920000996,Console text input,
302535920000997,Pins menu,
302535920000998,Cheat Menu: This uses 255 as visible and 0 as invisible.,
302535920000999,Transparency has been updated.,
302535920001000,Buttons at bottom,
302535920001002,For some reason they went opposite day with this one: 255 is invisible and 0 is visible.,
302535920001003,restart to enable,
302535920001004,01 Lowest (25),
302535920001005,02 Lower (50),
302535920001006,03 Low (90) < Menu Option,
302535920001007,04 Medium (95) < Menu Option,
302535920001008,05 High (100) < Menu Option,
302535920001009,06 Ultra (200),
302535920001010,07 Ultra-er (400),
302535920001011,08 Ultra-er (600),
302535920001012,09 Ultraist (1000),
302535920001013,10 Laggy (10000),
302535920001015,Video,
302535920001016,Set Lights Radius,
302535920001017,"Turns up the radius for light bleedout, doesn't seem to hurt FPS much.",
302535920001018,Above 1000 will add a long delay to loading (and might crash).,
302535920001021,03 Low (100) < Menu Option,
302535920001022,04 Medium (150) < Menu Option,
302535920001024,06 Ultra (200) < Menu Option,
302535920001030,"Doesn't seem to use much CPU, but load times will probably increase. I've limited max to 1000, if you've got a Nvidia Volta and want to use more memory then do it through the settings file.

And yes Medium is using a higher setting than High...",
302535920001031,1 Crap (32),
302535920001032,2 Crap (64),
302535920001033,3 Crap (128),
302535920001034,4 Low (256) < Menu Option,
302535920001035,5 Medium (512) < Menu Option,
302535920001036,6 High (1024) < Menu Option,
302535920001037,7 Ultra (2048) < Menu Option,
302535920001038,8 Ultra-er (4096),
302535920001039,9 Ultra-er-er (8192),
302535920001041,Set Video Memory Use,
302535920001042,"Highest uses vram (one gig for starter base, a couple for large base).",
302535920001043,1 Crap (256),
302535920001044,2 Lower (512),
302535920001045,3 Low (1536) < Menu Option,
302535920001046,4 Medium (2048) < Menu Option,
302535920001047,5 High (4096) < Menu Option,
302535920001048,6 Higher (8192),
302535920001049,7 Highest (16384),
302535920001051,Set Shadowmap Size,
302535920001052,Max limited to 16384 (or crashing).,
302535920001054,Minimal FPS hit on large base,
302535920001055,Small FPS hit on large base,
302535920001056,FPS hit,
302535920001058,Camera,
302535920001059,RTS,
302535920001060,Fly,
302535920001061,Follow,
302535920001062,Down scrolling may not work (dependant on aspect ratio?).,
302535920001063,"Disable mouse border scrolling, WASD still works fine.",
302535920001064,Mouse,
302535920001066,What used to be the default for this ECM setting,
302535920001067,Zoom,
302535920001065,Menu Option,
302535920001206,Change how many Sols between autosaving.,
302535920000845,Render,
302535920000335,Pins will no longer do the pulsating motion (hover over to stop).,
302535920000623,Change Terrain Type,
302535920000624,"Green or Icy mars? Coming right up!
(don't forget a light model)",
302535920000625,Change Light Model,
302535920000626,Changes the lighting mode (temporary or permanent).,
302535920000627,Change Light Model Custom,
302535920000628,"Make a custom lightmodel and save it to settings. You still need to use ""Change Light Model"" for permanent.",
302535920000630,"Change the transparency of UI items (info panel, menu, pins).",
302535920000631,UI Transparency Mouseover,
302535920000632,Toggle removing transparency on mouseover.,
302535920000634,"Sets light radius (Menu>Options>Video>Lights), menu options max out at 100.
Lets you see lights from further away/more bleedout?",
302535920000636,"Sets hr.TR_MaxChunks (Menu>Options>Video>Terrain), menu options max out at 200.
Makes the background terrain more detailed (make sure to also stick Terrain on Ultra in the options menu).",
302535920000638,"Sets hr.DTM_VideoMemory (Menu>Options>Video>Textures), menu options max out at 2048.",
302535920000639,Shadow Map,
302535920000640,"Sets the shadow map size (Menu>Options>Video>Shadows), menu options max out at 4096.",
302535920000642,"Toggle texture compression (game defaults to on, seems to make a difference of 600MB vram).",
302535920000644,"Renders model from further away.
Not noticeable unless using higher zoom.",
302535920000646,"Renders shadows from further away.
Not noticeable unless using higher zoom.",
302535920000648,Set size of activation for mouse border scrolling.,
302535920000649,Zoom Distance,
302535920000650,Further zoom distance.,
302535920000651,Toggle Free Camera,
302535920000652,I believe I can fly.,
302535920000653,Toggle Follow Camera,
302535920000654,Select (or mouse over) an object to follow.,
302535920000655,Toggle Cursor,
302535920000656,Toggle between moving camera and selecting objects.,
302535920000243,"Extracts Files.hpk to ""%s"".
You can then edit the files for use with ECM, or your mod (don't forget to include my LICENSE file).",
302535920000244,Extract,
302535920001285,Clean up,
302535920001286,"Extract will make ECM use lua files in ""%s"" instead of Files.hpk.
ECM files contained within will be overwritten (easier for me when there's an update).",
302535920001287,"Clean up will remove ""%sTheIncal.tga"", and ECM will go back to using Files.hpk.",
302535920001288,"Restart ECM for any changes to take effect.
When ECM version is changed ""Clean up"" will occur.",
302535920001281,Information about your computer (as seen by SM).,
302535920001282,Information about this saved game (mostly objects).,
302535920000892,Screenshot,
302535920000893,Interface,
302535920000367,Mod Upload,
302535920000236,Mod Editor,
302535920001265,ModMessageLog,
302535920001258,Copy Files,
302535920001259,"Copies all mod files to AppData/ModUpload, uncheck to copy files manually.",
302535920001260,Blank Mod,
302535920001261,"Uploads a blank private mod to Steam Workshop, and prints Workshop id in log.",
302535920001262,"""AppData/ModUpload"" folder is empty and waiting for files.",
302535920001263,"Mod author name is different from your name, do you have permission to upload this mod?",
302535920001244,"Saves settings to file, and applies any changes.",
302535920001245,Abort without touching anything.,
302535920000466,"This will disable the cheats menu, cheats panel, and all hotkeys.
CheatMenuModSettings.lua > DisableECM to re-enable them.",
302535920001068,%s: Interface in screenshots.,
302535920001069,Interface,
302535920001070,Restart to take effect.,
302535920001072,"Are you sure you want to reset ECM settings?

Old settings are saved as %s.",
302535920001074,"Sign, sign, everywhere a sign.
Blockin' out the scenery, breakin' my mind.
Do this, don't do that, can't you read the sign?",
302535920001075,Signs,
302535920001076,Hints Reset!,
302535920001077,%s: Bye bye hints,
302535920001078,"Hover mouse over menu item to get description and enabled status
If there isn't a status then it's likely a list of options to choose from

For any issues; please report them to my Github/Steam/NexusMods page, or email %s",
302535920001264,Show list of mods to upload to Steam Workshop.,
302535920001242,Edit ECM Settings File,
302535920001243,Manually edit ECM settings.,
302535920000875,Game Functions,
302535920000465,"Disables menu, cheat panel, and hotkeys, but leaves settings intact (restart to toggle). You'll need to manually re-enable in CheatMenuModSettings.lua file.",
302535920001025,Help! I'm with stupid!,
302535920001014,Hide Cheats Menu,
302535920001019,This will hide the Cheats menu; Use F2 to see it again (Ctrl-F2 to toggle the Cheats selection panel).,
302535920001020,Read me,
302535920001023,This WILL take awhile if you open it in View Text.,
302535920001029,Change log,
302535920001028,"Have a Tutorial, or general info you'd like to add?",
302535920000657,Screenshot,
302535920000658,Write screenshot,
302535920000659,Screenshot Upsampled,
302535920000660,Write screenshot upsampled,
302535920000661,Show Interface in Screenshots,
302535920000662,Do you want to see the interface in screenshots?,
302535920000663,Toggle Interface,
302535920000664,Toggle Signs,
302535920000665,"Concrete, metal deposits, not working, etc...",
302535920000666,Toggle on-screen hints,
302535920000667,Don't show hints for this game,
302535920000668,Reset on-screen hints,
302535920000669,Just in case you wanted to see them again.,
302535920000670,Never Show Hints,
302535920000671,No more hints ever.,
302535920000672,About ECM,
302535920000673,info dialog.,
302535920000674,Report Bug,
302535920000675,"Report Bug

This doesn't go to ECM author, if you have a bug with ECM; see Help>About.",
302535920000676,Reset ECM Settings,
302535920000677,Reset all ECM settings to default (restart to enable).,
302535920000694,Set Opacity,
302535920000680,Annoying Sounds,
302535920001126,Double,
302535920000647,Border Scrolling,
302535920000138,"surface, subsurface, and terrain deposits visible.",
302535920001255,Will only apply to objects in the same dome as selected object.,
302535920001256,Will only apply to selected object.,
302535920000347,Star Dome,
302535920000351,Hexa Dome,
302535920000220,RC Rover Emergency Power,
302535920001081,Changes signs to materials.,
302535920001082,Changes materials to signs.,
302535920001083,Change Surface Signs,
302535920001085,Sensor Tower Beeping,
302535920001086,RC Rover Drones Deployed,
302535920001087,Mirror Sphere Crackling,
302535920001088,%s: Stop that bloody bouzouki!,
302535920001090,You can only reset all sounds at once.,
302535920001093,Toggled: %s pinnable objects.,
302535920001095,Auto Remove Items From Pin List,
302535920001096,Auto Unpinned,
302535920001097,Enter a class name (SelectedObj.class) to add a custom entry.,
302535920001098,Add to list,
302535920001099,Add these items to the unpin list.,
302535920001100,Remove from list,
302535920001101,Remove these items from the unpin list.,
302535920001102,Cleaned all,
302535920001103,Objects,
302535920001104,Fixed all,
302535920001105,"Select/mouse over an object (buildings, vehicles, signs, rocky outcrops).",
302535920001106,Change main object colours.,
302535920001107,Change colours of an attached object.,
302535920001108,Double click to open object/attachment to edit.,
302535920001109,Loops though and makes all,
302535920001110,anomalies visible.,
302535920001111,buildings visible.,
302535920001113,pipes and cables visible.,
302535920001114,colonists visible.,
302535920001115,rovers and drones visible.,
302535920001116,"surface, subsurface, and terrain deposits visible.",
302535920001117,Opacity,
302535920001118,"You can still select items after making them invisible (0), but it may take some effort :).",
302535920001122,%s: HAXOR,
302535920001123,%s: Cleanup cheats infopane.,
302535920001124,%s: scans at a time.,
302535920001125,Scanner,
302535920001127,Triple,
302535920001128,Quadruple,
302535920001129,Octuple,
302535920001130,Sexdecuple,
302535920001131,Duotriguple,
302535920001132,Quattuorsexaguple,
302535920001134,Custom: %s < base number 3 multipled by custom amount.,
302535920001135,%s: Excusa! Esta too mucho rapido for the eyes to follow? I'll show you in el slow motiono.,
302535920001136,Speed,
302535920001137,Set Game Speed,
302535920001139,You need to select an object.,
302535920001140,No animation.,
302535920001141,Default Entity,
302535920001142,Kosmonavt,
302535920001143,Jama,
302535920001144,Green Man,
302535920001145,Planet Mars,
302535920001146,Planet Earth,
302535920001147,Rocket Small,
302535920001148,Rocket Regular,
302535920001149,Combat Rover,
302535920001150,PumpStation Demo,
302535920001151,Set Entity For %s,
302535920001153,"Post a request if you want me to add more entities from EntityData (use ex(EntityData) to list).

Not permanent for colonists after they exit buildings (for now).",
302535920001155,Set Entity Scale For %s,
302535920001156,Current object,
302535920001157,If you don't pick a checkbox it will change all of selected type.,
302535920000678,Change Surface Signs To Materials,
302535920000679,Changes all the ugly immersion breaking signs to materials (reversible).,
302535920000681,"Toggle annoying sounds (Sensor Tower, Mirror Sphere, Rover deployed drones, Drone incessant beeping).",
302535920000682,Change Entity,
302535920000683,"Changes the entity of selected object, all of same type or all of same type in selected object's dome.",
302535920000684,Change Entity Scale,
302535920000685,"You want them big, you want them small; have at it.",
302535920000686,Auto Unpin Objects,
302535920000687,Will automagically stop any of these objects from being added to the pinned list.,
302535920000688,Clean All Objects,
302535920000689,Removes all dust from all objects.,
302535920000690,Fix All Objects,
302535920000691,Fixes all broken objects.,
302535920000693,Select/mouse over an object to change the colours.,
302535920000695,Change the opacity of objects.,
302535920000696,Infopanel Cheats,
302535920000697,Shows the cheat pane in the info panel (selection panel).,
302535920000698,Infopanel Cheats Cleanup,
302535920000699,"Remove some entries from the cheat pane (restart to re-enable).

AddMaintenancePnts, MakeSphereTarget, Malfunction, SpawnWorker, SpawnVisitor",
302535920000700,Scanner Queue Larger,
302535920000701,Queue up to 100 squares.,
302535920000702,Game Speed,
302535920000703,"Change the game speed (only for medium/fast, normal is normal).",
302535920000716,Set Commander,
302535920000712,Set Sponsor,
302535920001183,Add,
302535920001165,Enabled Status,
302535920001158,Mission goal,
302535920001160,"%s:
Damage? Total, sir.
It's what we call a global killer.
The end of mankind. Doesn't matter where it hits. Nothing would survive, not even bacteria.",
302535920001161,Sponsor for this save is now %s.,
302535920001162,Sponsor,
302535920001166,Bonuses,
302535920001168,Modded ones are mostly ignored for now (just cargo space/research points).,
302535920001169,Turn Off,
302535920001170,Turn off selected bonuses (defaults to turning on).,
302535920001171,Turn All Off,
302535920001172,Turns off all bonuses.,
302535920001173,Commander for this save is now %s.,
302535920001174,Commander,
302535920001177,Logo,
302535920001178,Set New Logo,
302535920001179,%s occurrence is now: %s,
302535920001180,Disaster Occurrences,
302535920001181,Rules,
302535920001182,Set Game Rules,
302535920001185,Add selected rules,
302535920001186,Remove selected rules,
302535920000966,"Set the occurrence level of %s disasters.
Current: %s",
302535920000965,"Change the ""Game Rules"".",
302535920000704,Instant Mission Goal,
302535920000705,"Mission goals are finished instantly (pretty sure the only difference is preventing a msg).

Needs to change Sol to update.",
302535920000706,Instant Colony Approval,
302535920000707,Make your colony instantly approved (can be called before you summon your first victims).,
302535920000708,Meteor Damage,
302535920000709,Disable Meteor damage (colonists?).,
302535920000710,Change Logo,
302535920000711,Change the logo for anything that uses the logo.,
302535920000713,Switch to a different sponsor.,
302535920000714,Set Bonuses Sponsor,
302535920000715,"Applies the good effects only (no drawbacks).

(if value already exists; set to larger amount).
restart to set disabled.",
302535920000717,Switch to a different commander.,
302535920000718,Set Bonuses Commander,
302535920010000,math.%s not implemented yet.,
302535920010001,bad argument #%s to 'math.%s' (%s),
302535920010002,zero,
302535920010003,less than or equals zero,
302535920010004,less than zero,
302535920010005,arg#2 - arg#1 == less than zero,
302535920010006,Testing math: Start,
302535920010007,Testing math: End,
302535920010008,Testing math: Error file: (%s) line number: (%s) val1: (%s) val2: (%s) func: (math.%s