"ID", "Text"
302535920001653, """Toggle Selection Panel Resize"""
302535920001654, """Stops selection panel from shrinking (eg: dome)."""
302535920001655, """Toggle Scroll Selection Panel"""
302535920001656, """Add a scrollbar to larger selection panels (buildings, domes, etc)."""
302535920001657,""
302535920001658,""
302535920001659,""
302535920001660,""
302535920001661,""
302535920001662,""
302535920001663,""
302535920001664,""
302535920001665,""
302535920001666,""
302535920001667,""
302535920001668,""
302535920001669,""
302535920001670,""
302535920001671,""
302535920001672,""
302535920001673,""
302535920001674,""
302535920001675,""
302535920001676,""
302535920001677,""
302535920001678,""
302535920001679,""
302535920001680,""
302535920001681,""
302535920001682,""
302535920001683,""
302535920001684,""
302535920001685,""
302535920001686,""
302535920001687,""
302535920001688,""
302535920001689,""
302535920001690,""
302535920001691,""
302535920001692,""
302535920001693,""
302535920001694,""
302535920001695,""
302535920001696,""
302535920001697,""
302535920001698,""
302535920001699,""
302535920001700,""
302535920000000,"""ECM扩展作弊菜单"""
302535920000001,"""ChoGGi"""
302535920000002,"""ECM"""
302535920001085,"""将速度设置为非整数（如2.5）会使游戏崩溃！"""
302535920001586,"""都搞定了！"""
302535920001453,"""已完成"""
302535920001026,"""更新文本"""
302535920001449,"""出口"""
302535920000758,"""25K及以上需要一些时间."""
302535920000866,"""重新启动以禁用。"""
302535920000967,"""更新文本之间的延迟以毫秒计。"""
302535920000388,"""殖民者闲置后工作。"""
302535920000390,"""殖民者更换工作时激活。"""
302535920000400,"""每天更新后工作。"""
302535920000405,"""在游戏时间后工作。"""
302535920000110,"""功能结果"""
302535920000163,"""半径"""
302535920001578,"""自动附加"""
302535920001579,"""激活此实体拥有的任何自动附加点。"""
302535920000858,"""指数"""
302535920001069,"""切换布尔"""
302535920000664,"""剪贴板"""
302535920000741,"""赛跑"""
302535920001448,"""CSV"""
302535920001181,"""使用的地形纹理"""
302535920001125,"""测试区域设置文件"""
302535920000239,"""工具"""
302535920000089,"""什么都没留下"""
302535920001526,"""不是有效对象"""
302535920000547,"""锁定"""
302535920000318,"""解锁"""
302535920001486,"""DTM插槽"""
302535920000483,"""写入控制台日志"""
302535920000484,"""将控制台日志写入 <green>%slogs/consolelog.log</green>（每5秒更新一次）。"""
302535920001469,"""图像查看器"""
302535920000971,"""站点"""
302535920001476,"""编辑标志"""
302535920001447,"""显示为选定对象设置的标志列表。"""
302535920000235,"""实体点"""
302535920001445,"""显示用于.ent文件的附加点列表。"""
302535920001432,"""3D"""
302535920001433,"""摆弄物体的角度/轴/位置等等。"""
302535920000093,"""转到对象"""
302535920000094,"""查看/选择地图上的对象。"""
302535920000865,"""反式"""
302535920001110,"""衍生实体对象"""
302535920001366,"""删除小块岩石"""
302535920000864,"""删除大块岩石"""
302535920001356,"""新"""
302535920001355,"""地图"""
302535920001354,"""<green>%s</green>是一个里面还有东西的穹顶（如果被删除就会崩溃）。"""
302535920000723,"""Lua"""
302535920001257,"""每秒钟自动刷新列表。"""
302535920001288,"""换行"""
302535920001289,"""换行或显示水平滚动条。"""
302535920000069,"""审视"""
302535920000491,"""审视对象"""
302535920001073,"""控制台"""
302535920000242,"""<color ChoGGi_red>%s</color>被SM函数黑名单封锁。 使用ECM HelperMod来绕过，或者告诉开发者ECM是很好的，它应该有Uber权限；）"")"
302535920001303,"""搜索<green>%s</green>内的文本。"""
302535920000306,"""一切"""
302535920000855,"""删除前的最后机会！"""
302535920000800,"""男或女"""
302535920000613,"""无人机携带量"""
302535920000914,"""目前的能力"""
302535920001266,"""运输路径边界"""
302535920000979,"""预设"""
302535920000955,"""处理"""
302535920001201,"""区间"""
302535920000014,"""生成"""
302535920000034,"""请求"""
302535920000035,"""网格"""
302535920000038,"""下次要选一个复选框......"""
302535920000042,"""城市"""
302535920000074,"""取消而不改变任何东西。"""
302535920000084,"""自动刷新"""
302535920000090,"""错误打开。 <color ChoGGi_red>%s</color>"""
302535920000106,"""当前"""
302535920000111,"""从中央开始覆盖整个地图。"""
302535920000112,从一个角落覆盖整个地图。
302535920000115,"""切换选择以更新可见的六角形网格。"""
302535920000129,"""设置"""
302535920000157,"""电缆和管道"""
302535920000281,"""删除"""
302535920000750,"""只有穹顶"""
302535920000751,"""将只适用于与被选中的殖民者在同一个穹顶的殖民者。"""
302535920000752,"""仅选择"""
302535920000753,"""将只适用于选定的殖民者。"""
302535920000769,"""选定"""
302535920000834,"""最大"""
302535920000933,"""目前的速度: <green>%s</green>"""
302535920001084,"""复位"""
302535920000031,"""发现最近的资源"""
302535920000555,"""监控信息"""
302535920000033,"""在Nexus或Github上发布请求，或发送电子邮件至。 <green>%s</green>"""
302535920001092,"""引脚"""
302535920000004,"""倾倒"""
302535920001639,"""隐藏一个菜单条目以减少水平空间。"""
302535920001640,"""隐藏作弊器菜单"""
302535920001641,"""隐藏ECM菜单"""
302535920001642,"""隐藏游戏菜单"""
302535920001643,"""隐藏调试菜单"""
302535920001644,"""隐藏帮助菜单"""
302535920001446,"""在游戏选项中添加Mod选项按钮。"""
302535920000044,"""忽略持续存在的错误"""
302535920001302,"""这可以防止持续的错误充斥在日志中。"""
302535920000908,"""将对象移到鼠标位置。"""
302535920000528,"""通过%s移动%s。"""
302535920000389,"""当一个按钮被按下时使用的数量（默认: %s)."""
302535920000391,"""横倾"""
302535920000392,"""纵倾"""
302535920000395,"""偏角"""
302535920000396,"""存储位置", roll, pitch," and yaw.""",,,
302535920000398,"""恢复位置", roll, pitch," and yaw (hold Shift to restore the original instead of saved).""",,,
302535920000404,"""清除位置", roll, pitch, and yaw (hold Shift to also clear the originals," also cleared when you close the dialog).""",,
302535920001503,"""地图名称"""
302535920001505,"""°"""
302535920001504,"""姓名"""
302535920001222,"""年龄"""
302535920001229,"""最后一餐"""
302535920001235,"""最后的休息"""
302535920001457,"""储存的"""
302535920001454,"""囤积"""
302535920001455,"""生产的"""
302535920001456,"""消耗的"""
302535920000854,"""发现结果"""
302535920000219,将查看的图像导出到 <green>%s</green> 。
302535920000109,"""无效的图像"""
302535920000064,"""将思乡病状态添加到殖民者身上。"""
302535920000065,"""殖民者将不再享受生活。"""
302535920000244,"""年龄将增加1岁。"""
302535920000663,"""把殖民者变成游客。"""
302535920000981,"""增加他们在火星上花费的时间。"""
302535920000983,"""将电视节目进度提高5000。"""
302535920001628,"""重置电视节目进度。"""
302535920001629,"""将湖泊容量增加5。"""
302535920001630,"""将湖泊容量减少5。"""
302535920001631,"""去除防尘罩。"""
302535920001632,"""生成一个动物。"""
302535920001577,"""生成一个机器人。"""
302535920001466,"""生成一个无人机。"""
302535920001464,"""留下未成形的轨迹"""
302535920001463,"""装满所有相同类型的仓库。"""
302535920000929,"""通知无人机返回控制台。"""
302535920001416,"""给予这个穿梭机中心最大容纳值数量的穿梭机。"""
302535920000985,"""切换建筑的冷冻状态。"""
302535920000977,"""改变资源的等级。"""
302535920001617,"""切换打开所有圆顶玻璃(或许可以用来截图？)。"""
302535920001598,"""将穿梭机控制数量恢复为默认值。"""
302535920001599,"""显示飞行轨迹。"""
302535920001600,"""立即完成所有访客的培训。"""
302535920001601,"""使水池扩大到下一个半径。"""
302535920001602,"""强制添加一个新的贸易报价。"""
302535920001603,"""重新设定这个岗位可以下岗的叛逆者的数量。"""
302535920001604,"""撤掉这个池子。"""
302535920001605,"""显示网格的调试类型视图。"""
302535920001606,"""将这个殖民者的 <green>%s</green> 值设为最大。"""
302535920001607,"""为这个殖民者设置一个随机的 <green>%s</green> 。"""
302535920001608,"""我说如果你想成为我的孩子"
无论你是黑是白都没有关系,
,
我说如果你想做我的兄弟,
无论你是黑是白都没有关系,
302535920001609,"""把这个殖民者变成一个叛徒。"""
302535920001610,"""从这个殖民者身上去除叛徒的特征。"""
302535920001611,"""将电量容量重置为默认值。"""
302535920001612,"""将电量耗尽至零。"""
302535920001613,"""把电量充满。"""
302535920001614,"""移动速度翻倍。"""
302535920001615,"""将移动速度重置为默认值。"""
302535920001616,"""生出一只萤火虫。"""
302535920001593,"""在附近产生了一个尘埃恶魔。"""
302535920001594,"""降低了99%的电力消耗。"""
302535920001595,"""和晶体频率干扰技术有关"""
302535920001596,"""让你打捞水晶。"""
302535920001597,"""使所有的晶体升空，并向中心前进。"""
302535920000312,"""让建筑模型看起来更简单（切换）。"""
302535920001543,"""在 <green>%s</green> 上设置碰撞。 碰撞禁用: <yellow>%s</yellow>"""
302535920001541,"""启动一个犯罪活动"""
302535920001542,"""不需要叛徒。"""
302535920001646,"""把储存的水加到最大，让它立即燃烧起来。"""
302535920001428,"""瞬间完成当前的无人机/机器人。"""
302535920001095,"""将这个 <green>%s</green> 的充电容量增加一倍。"""
302535920001096,"""将这个 <green>%s</green> 的充电容量重置为默认值。"""
302535920001531,"""让建筑模型看起来像一个建筑工地（切换）。"""
302535920000903,"""解冻冻结的物体。"""
302535920001431,"""杀了这个殖民者！"""
302535920001430,"""杀死殖民者"""
302535920000162,"""需要"""
302535920000083,"""<left_click> 激活"""
302535920000060,"""瞬间完成建筑，不需要资源。"""
302535920001277,"""在对象检查器中打开 <green>%s</green> 。"""
302535920001053,"""给 <green>%s</green> 加满燃料。"""
302535920000005,"""在选定的穹顶上投下一个新的殖民者。"""
302535920001246,"""将 <green>%s</green> 的颜色改回默认。"""
302535920001199,"""这个建筑的殖民者名额增加一倍。"""
302535920001200,"""重置该建筑的殖民者插槽容量。"""
302535920001202,"""填满所有状态栏。"""
302535920001203,"""将 <green>%s</green> 的性能提高一倍。"""
302535920001204,"""将 <green>%s</green> 的性能重置为默认。"""
302535920001205,"""随机设置 <green>%s</green> 的专业。"""
302535920001207,"""添加: <yellow>%s</yellow> 到这个建筑。"
,
"<green>%s</green>""",
302535920001209,"""让这个<green>%s</green>不需要工人（性能: <yellow>%s</yellow>）。"")"
302535920001210,"""让这个<green>%s</green>需要工人。"""
302535920001211,"""将这个<green>%s</green>的出口存储容量增加一倍。"""
302535920001212,"""将这个<green>%s</green>的存储容量增加一倍。"""
302535920001213,"""将这个<green>%s</green>的存储容量重置为默认值。"""
302535920001214,"""把小仓库放在机械仓库前面，并把所有资源移到它那里（最多20 000）。"""
302535920001215,"""开启所有工作班次。"""
302535920001216,"""电池容量翻倍。"""
302535920001217,"""这个穿梭机平台可以控制双倍的穿梭机。"""
302535920001218,"""选择包含指定资源的最近的存储（显示资源列表）。"""
302535920001220,"""改变这个 <green>%s</green> ，所以它不需要 <yellow>%s</yellow>来源。"""
302535920001221,"""改变这个 <green>%s</green> ，所以它需要一个<yellow>%s</yellow>来源。"""
302535920001223,"""切换 <green>%s</green> 以上的任何标志（直到改变状态）。"""
302535920001224,"""将<green>%s</green>的颜色改为随机颜色（不改变附件）。"""
302535920001225,"""增加了灰尘和维护点。"""
302535920001226,"""清理灰尘，消除维护点。"""
302535920001227,"""将物体变成废墟。"""
302535920001228,"""将这个<green>%s</green>的储存量设置为<yellow>0</yellow>。"""
302535920001230,"""清空这栋建筑的仓库。"
,
"如果这里不是垃圾场，那么废石就不会被清空。""",
302535920001231,"""将资源存储补充到满额。"""
302535920001232,"""填满这栋建筑楼的仓库。"""
302535920001233,"""无视条件立刻发射火箭。"""
302535920001234,"""这个<green>%s</green>能容纳的数量的两倍。"""
302535920001236,"""该站能下岗的人数的两倍（目前。 <green>%s</green>) <重新选择以更新数量。"""
302535920001518,"""<left_click>*2标题，以滚入标题栏。"""
302535920000222,"""哦，看，ECM遇到了MOD数据最大值的小小限制。 谁会想到呢？ 嗝，莫蒂。"""
302535920000739,"""黑人"""
302535920000740,"""亚洲人"""
302535920001283,"""印度人"""
302535920001284,"""西班牙人"""
302535920000006,"""保存设置到<color ChoGGi_red>%s</color>时失败。 <yellow>%s</yellow>"""
302535920000243,"""保存设置有问题! 错误。 <color ChoGGi_red>%s</color>"""
302535920000007,"""加载设置有问题! 错误。 <color ChoGGi_red>%s</color>"""
302535920000008,"""错误。 无法将旧设置转换为新设置。 <color ChoGGi_red>%s</color>"""
302535920000009,"""缺失的场景名称"""
302535920000010,"""缺失的名字"""
302535920000011,"""缺失的描述"""
302535920001574,"""在XBOX上崩溃了！"""
302535920001571,"""我测试CSV文件的方式意味着可能有一些""""非错误"""" 这里添加了错误。"
"这是出错和游戏卡住之间的折中。""",
302535920001174,"""显示这个材料的一个.mtl文件的例子（不完整）。"""
302535920001177,"""生成.mtl"""
302535920000497,"""挂钩开始"""
302535920000498,"""钩子停了"""
302535920001068,"""我用于spot_rot的func四舍五入到小数点后两位。 (如果你找到一个更好的，请告诉我）。)"
Attachment bspheres are off (x and y are; z and rotate aren't).,
Some of the file names are guesses. <anim> is a guess,"试着去掉它。"""
302535920001411,"""ECM已被禁用。"
Use <green>%s</green> to enable it, 或在<green>%s</green>中把<yellow>DisableECM</yellow>改为false。
"See the bottom of Gameplay>Controls if you've changed the key binding.""",
302535920001383,"""AddXTemplate borked template name: %s template: %s list: %s"""
302535920000013,"""这不应该发生... 好吧，当东西的博克博克博克。"""
302535920000039,"""被抛弃"""
302535920000003,"""不能抛弃任何东西"""
302535920000041,"""为<green>%s</green>添加新条目（默认为所选项目的名称/值）。"""
302535920000165,"""或"""
302535920000166,"""破损的功能"""
302535920000353,"""脚本"""
302535920000793,"""历史"""
302535920000881,"""将.lua文件放在<green>%s</green>中，让它们显示在""""Scripts""""中。 "," 然后可以使用列表来执行它们(也可以创建子文件夹进行排序)。""",,,,,
302535920000888,"""这里的任何.lua文件都将成为你可以在游戏中通过控制台菜单执行的列表的一部分。"""
302535920001297,"""切换飞行网格"""
302535920001298,"""显示带有地形/物体形状的方形网格。"""
302535920001267,"""<color ChoGGi_red>%s</color> at position: <yellow>%s</yellow>被停止。"""
302535920000968,"""碰撞"""
302535920000969,"""碰撞<yellow>%s</yellow>在<green>%s</green>"""
302535920000012,"""错误的建筑。 <color ChoGGi_red>%s</color>"""
302535920000015,"""不能给<color ChoGGi_red>%s</color>着色。"""
302535920000017,"""使用颜色选择器（<右键>*2可即时改变）。"""
302535920000018,"""不要使用颜色选择器。 数字范围从-128到127。"
"If you want shiny metal: use 120 for Metallic and -128 for Roughness.""",
302535920000019,"""对象的单一颜色（这个颜色将与其他颜色互动）。"
"If you want to change the colour of an object you can't with 1-4.""",
302535920000020,"""颜色被设置为<green>%s</green>。"""
302535920000022,"""如果号码是8421504，那么你可能无法改变这个颜色。"
,
"You can copy and paste numbers if you want.""",
302535920000023,"""所有的类型"""
302535920000024,"""改变所有相同类型的对象。"""
302535920000025,"""默认颜色"""
302535920000026,"""如果他们在那里。 重置为默认颜色。"""
302535920000027,"""没有选择"""
302535920000028,"""寻找资源"""
302535920000029,"""错误。 无法找到任何<color ChoGGi_red>%s</color>。"""
302535920000032,"""选择一个资源来寻找"""
302535920001400,"""F2 ""切换作弊器菜单（Ctrl-F2为作弊器窗格）。",F9清除控制台日志文本。,,,,,
If this isn't a new install," 然后见菜单>帮助>ECM>Changelog并搜索""""导入你的旧设置。"""""
302535920000030,"""要显示控制台的日志文本。 按Tilde或Enter键并点击""""%s。"""" 按钮，然后确保""""%s"""" 被检查。"""
302535920001441,"""<左键>激活菜单项<右键>添加/删除快速栏"""
302535920001439,"""~obj", @func, @@type, $id, %img, ^str," *r/*g/*m threads. Hover mouse for more info."""
302535920001440,"""<green>~</green><yellow>obj</yellow>在检查dlg中打开对象。", use <color ChoGGi_red>ex(obj)</color> in lua code.,,,,,
<green>~!</green><yellow>obj</yellow> opens object's attachments in examine dlg.,
,
<green>&</green><yellow>handle</yellow> examine object using handle id.,
,
<green>@</green><yellow>GetMissionSponsor</yellow> prints file name and line number of function, 在lua代码中使用<color ChoGGi_red>format_value(obj)</color>。
,
<green>@@</green><yellow>EntityData</yellow> prints type of obj, 在lua代码中使用<color ChoGGi_red>type(obj)</color>。
,
"<green>%</green><yellow>""""UI/Vignette.tga""""</yellow> opens image in image viewer", 在lua代码中使用<color ChoGGi_red>OpenImageViewer(image)</color>。
,
"<green>^</green><yellow>""""text string""""</yellow> opens text in text editor", 在lua代码中使用<color ChoGGi_red>OpenTextViewer(string)</color>。
,
<green>$</green><yellow>123</yellow> or <green>$</green><yellow>EffectDeposit.display_name</yellow> prints translated string, 在lua代码中使用<color ChoGGi_red>trans(obj)</color>。
,
"<green>*r</green> <yellow>Sleep(1000) print(""""sleeping"""")</yellow> to wrap in a real time thread (or <green>*g</green>)", 在lua代码中使用<color ChoGGi_red>CreateRealTimeThread(func)</color>。
,
<green>!</green><yellow>UICity.labels.TerrainDeposit[1]</yellow> move camera and select obj, 在lua代码中使用<color ChoGGi_red>ViewAndSelectObject(obj)</color>。
,
<green>s</green> = <yellow>SelectedObj</yellow>, <green>c()</green> = <yellow>GetTerrainCursor()</yellow>。," <green>restart()</green> = <yellow>quit(""""restart"""")</yellow>""",,,,,
302535920001401,"""从%s中删除了缺失的mod构建。 %s", entity: %s," handle: %s""",,,,
302535920001074,"""Ged预设"""
302535920000503,"""<右键>一个项目/子菜单，从快速栏中添加/删除它。"""
302535920001465,"""别说话了，开始作弊吧！"""
302535920000247,"""开机嘀嘀嘀"""
302535920000729,"""你已经开始了一个谜团！"""
302535920000730,"""你选择了一个谜团！"""
302535920000731,"""Deutsche Gesellschaft für Rassenhygiene"""
302535920000732,"""儿童杀手。"" 你这个恶魔"," evil person.""",,,,,
302535920000733,"""在编辑器中打开一个预设。"""
302535920001410,"""切换可见性"""
302535920000735,"""定时器延迟跳过"""
302535920001360,"""螺纹"""
302535920001361,"""也会搜索线程func名称的值（对此忽略大小写）。"""
302535920000501,"""大小写敏感"""
302535920000502,"""将大写和小写区分开来。"""
302535920001305,"""寻找内心"""
302535920001306,"""输入文字查找"""
302535920001304,"""设置我们在这个表中搜索多少层。 <color ChoGGi_red>Warning</color>。 O(n)。"""
302535920000870,"""可以形成的最大数量的池子。"""
302535920000532,"""所有麦克斯"""
302535920000533,"""全敏"""
302535920000839,"""设置%s 参数"""
302535920000788,"""新建筑半径。"""
302535920000534,"""植物随机地衣"""
302535920000537,"""种植一堆地衣/草。"""
302535920000529,"""种植随机植被"""
302535920000531,"""种植一堆树/灌木/草。"""
302535920000539,"""将所有参数设置为%s。"""
302535920000559,"""露天穹顶的切换"""
302535920000560,"""取消土地整形的限制"""
302535920000562,"""未启用地球形成！"""
302535920000564,"""设置土壤质量"""
302535920000709,"""允许你在不平整的地面上开始建造，","并取消了大小限制。""""",,,,,
302535920000722,"""打开穹顶，呼吸新鲜空气（或缺乏）。"""
302535920001268,"""打开文件"""
302535920001309,"""在默认编辑器中打开文件。"""
302535920000381,"""使用创建该文本的相同函数替换该文本。"""
302535920000382,"""关闭对话框并发送正的返回值。"""
302535920001529,"""按<green>Enter</green>，选择下一个找到的文本，","按 <green>Ctrl-Enter</green> 来滚动以找以前的文本。""",,,,,
302535920001474,"""代码高亮"""
302535920001475,"""切换lua代码高亮"""
302535920001423,"""什么都不做就关闭"""
302535920001301,"""编辑文本"""
302535920000721,"""重写"""
302535920000827,"""勾选此项，覆盖文件，而不是追加到文件中。"""
302535920001635,"""每小时冲刷日志"""
302535920001636,"""在游戏中每小时调用FlushLogFile()。"""
302535920001349,"""不断刷新日志"""
302535920001414,"""每次渲染更新都调用FlushLogFile()！"""
302535920000473,"""冲洗日志"""
302535920001342,"""启动时和每太阳日都会"," 将日志转储到磁盘上""",,,,,
302535920000474,"""将日志刷新到文件。"""
302535920000406,"""复制文本到剪贴板。"""
302535920000313,"""OnMsg/Msg黑名单"""
302535920000310,"""跳过未定义的Globals"""
302535920000311,"""停止""""<yellow>试图使用一个未定义的全局</yellow>""""窗口"
,
该数字是存储的消息的计数," <右键>查看列表。"""
302535920001575,"""只有在控制台处于活动状态时才显示控制台日志文本（需要启用<green>%s</green>）。"""
302535920001576,"""控制台活动时显示日志"""
302535920001123,"""在日志中显示任何mod msgs。"""
302535920001102,"""审视错误"""
302535920001104,"""在检查对话框中打开（一些）错误（显示堆栈跟踪，有时显示一个线程）。"""
302535920001077,"""来自函数的错误"""
302535920000234,"""监控功能调用"""
302535920000300,"""收集来自""""@AppData/Mods/""的func调用列表"""
用法:调用一次开始，调用一次停止, 然后它将显示一个函数调用的列表。
,
手动调用它:,
ChoGGi.ComFuncs.ToggleFuncHook(path, 线, mask, count),,,,
"https://www.lua.org/manual/5.3/manual.html#pdf-debug.sethook""",
302535920000127,"""各种工具的使用。"""
302535920001497,"""节目黑名单"""
302535920001479,"""控制台中的错误"""
302535920001480,"""在控制台打印（一些）lua错误（需要启用<green>%s</green>）。"""
302535920000853,"""监控"""
302535920001376,"""自动更新列表"""
302535920001377,"""当ECM更新时，更新此列表。"""
302535920001378,"""XWindow检查器"""
302535920001379,"""打开终端.桌面的窗口检查器。"""
302535920001287,"""""您可以在文本框中输入/执行代码，","而不是单行代码。""",,,,,
302535920001308,"""设置"""
302535920000734,"""清除日志"""
302535920001091,"""将日志冲到磁盘并显示出来。"""
302535920001152,"""清除控制台的日志（F9也可以）。"""
302535920001154,"""在一个你可以复制章节的窗口中显示日志文本。"""
302535920000563,"""查看日志文本"""
302535920001120,"""控制台窗口"""
302535920001080,"""控制台的历史项目（鼠标点击查看代码）。"""
302535920001089,"""控制台的设置和命令。"""
302535920001112,"""控制台日志"""
302535920001119,"""在游戏中显示控制台日志文本（可能对非modder来说是个烦人的问题）。"""
302535920001133,"""在一个窗口中显示控制台日志。"""
302535920000407,"""<左键>执行<右键>粘贴"""
302535920001138,"""<left_click>在控制台执行此命令"," <right_click> to paste code in console.""",,,,,
302535920001159,"""任何在<green>%s</green>的.lua文件。"""
302535920000071,"""显示Mods日志"""
302535920000692,"""日志是空白的（好在不再是了）。"""
302535920000477,"""清除窗口化的控制台日志。"""
302535920001633,"""到达%s对象"," abort?""",,,,,
302535920000986,"""翻译"""
302535920000920,"""从这个dlg检查objs将<color ChoGGi_red>%s</color>在一个dlg中全部检查。"""
302535920000590,"""批量"""
302535920000841,"""如果检查一个表，那么对每个条目执行这个代码。"
"If it's an associative table then <yellow>o = value</yellow>.""",
302535920000589,"""<left_click>检查<right_click>剪贴板"""
302535920000904,"""<right_click>复制<yellow>%s</yellow>到剪贴板。"""
302535920000422,"""六角形"""
302535920000417,"""空参考"""
302535920000628,"""关闭检查对话框"
"Hold <green>Shift</green> to close all """"grouped"""" examine dialogs (any ex dlg opened from an ex dlg).",
"Hold <green>Ctrl</green> to close <color ChoGGi_red>all</color> ECM dialogs.""",
302535920000625,"""Exec Func"""
302535920000627,"""在执行代码行显示func名称。"""
302535920000168,"""在检查对话框中显示结果时持续调用此函数。"""
302535920001622,"""粒子"""
302535920001620,"""单击以在文本或对象（查看/倾倒）之间切换。"
<yellow>Text</yellow> is what you see," <yellow>Object</yellow>是由ValueToLuaCode(obj)创建的文本。"""
302535920000046,"""将文本/对象转储到<yellow>%slogs\DumpedExamine.lua</yellow>。"""
302535920000047,"""查看文本/对象"," and optionally dumps text to <yellow>%slogs\DumpedExamine.lua</yellow>.""",,,,,
302535920000048,"""查看"""
302535920001027,"""物体可以在像""""建筑""""这样的东西上花费时间。 类对象。"""
302535920001573,"""id识别"""
302535920001570,"""回落"""
302535920001563,"""设置数量为<green>%s</green>。"""
302535920001564,"""双数"""
302535920001565,"""减半数"""
302535920001566,"""复制<green>ValueToLuaCode(value)</green>到剪贴板。"""
302535920001567,"""假到真，真到假。"""
302535920001568,"""布尔值到表"""
302535920001569,"""将数值设置为一个新的表格。 {}."""
302535920001560,"""跳过清除"""
302535920001561,"""信息对象将保留，而不是在激活不同的选项时被删除。"""
302535920001562,"""选择区"""
302535920001558,"""切换 Objlist"""
302535920001559,"""切换将此表的元数据设置为objlist（用于使用标记/删除所有）。"""
302535920001512,"""标记所有对象（线）"""
302535920001513,"""添加一条连接列表中所有项目的线。"""
302535920001461,"""XText:ParseText()刚刚硬了起来。"""
302535920001124,"""将需要几秒钟来完成。"""
302535920000461,"""位置"""
302535920000885,"""解压"""
302535920000463,"""从原点开始添加现货偏移位置。"""
302535920001076,"""显示该点的六角位置。 (-1","2).""",,,,,
302535920000524,"""Print Func"""
302535920000745,"""Print Func Params"""
302535920000900,"""打印复位"""
302535920000906,"""当这个func被调用时打印func名称。"""
302535920000984,"""也打印参数（如果这个函数连接到一个类obj，那么第一个参数将只返回名称）。"""
302535920001067,"""从func中删除打印。"""
302535920001551,"""界面切换"""
302535920001552,"""显示一个曲面列表并在其上画线（GetRelativeSurfaces）。"""
302535920001553,"""深度测试"""
302535920001554,"""如果启用，线条将隐藏在遮挡的墙壁（不是玻璃）后面。"""
302535920001549,"""查看BB盒"""
302535920001550,"""切换查看BBox。"""
302535920001545,"""去<green>%s</green>"""
302535920001544,"""附属于"""
302535920001535,"""设定值"""
302535920001539,"""改变<green>%s</green>的值。"""
302535920001540,"""显示<green>%s</green>的上下文菜单。"""
302535920001536,"""删除""""<green>%s</green>"""" 钥匙来自<yellow>%s</yellow>。"""
302535920001537,"""关闭菜单"""
302535920001538,"""关闭这个菜单。"""
302535920001530,"""各种对象工具的使用。"""
302535920001524,"""实体表面"""
302535920001525,"""显示对象实体的表面列表。"""
302535920001079,"""<左键>默认动作<右键>检查"""
302535920001522,"""六角形拨杆"""
302535920001523,"""切换显示对象的形状。"""
302535920001521,"""没有找到Lua源文件。"""
302535920001519,"""查看来源"""
302535920001520,"""在文本查看器中打开源代码（如果它存在的话）。"
Mod code works as is, HG的github游戏代码需要放置在。
<green>%sSource</green>,
"Example: <yellow>Source/Lua/_const.lua</yellow>""",
302535920000264,"""如果找不到func，默认为obj:GetObjectBBox()。"""
302535920001514,"""切换执行代码的输入框的可见性。"""
302535920001515,"""按<green>%s</green>来执行代码。"
"Use <green>%s</green>/<green>%s</green> to browse console history.""",
302535920001516,"""o = 受检对象"""
302535920001517,"""使用<green>o</green>作为被检查对象的参考。 <yellow>IsValid(</yellow><green>o</green><yellow>)</yellow>。"""
302535920001500,"""userdata对象可能需要UICity来翻译。"""
302535920001472,"""BBox Toggle"""
302535920001473,"""切换显示对象的bbox（根据移动而改变）。"""
302535920001471,"""没有发现图像。"""
302535920001470,"""打开一个对话框，其中有一个来自对象（.dds）的图像列表。", .tga," .png).""",,,,
302535920001467,"""附加转储"""
302535920001468,"""将文本追加到同一文件中"," or create a new file each time.""",,,,,
302535920001442,"""Enum"""
302535920001443,"""显示EnumVars(obj)的值。"""
302535920001424,"""<left_click> Next <right_click> Previous <middle_click> Top"""
302535920001425,"""<左键>切换<右键>设置延迟"""
302535920001426,"""各种工具的使用。"""
302535920001422,"""<右键>来改变刷新延迟。"""
302535920001248,"""正常排序或逆向排序。"""
302535920001397,"""不是实际的属性（见_____属性）。"
,
"Use obj:GetProperty(""""NAME"""") and obj:SetProperty(""""NAME""""", 价值)
"You can access a default value with obj:GetDefaultPropertyValue(""""NAME"""")",
"""
302535920001396, ""point""",
302535920001389,"""所有属性"""
302535920001390,"""获得所有财产。"""
302535920001391,"""显示所有价值。 getmetatable(obj)。"""
302535920001384,"""获得与基础/父对象不同的属性？"""
302535920000067,"""Ged检查"""
302535920001075,"""在Ged检查器中打开这个对象。"""
302535920000066,"""<color 203 120 30>Off-Map</color>"""
302535920000059,"""销毁objlist中的所有对象！"""
302535920000057,"""标记对象"""
302535920000058,"""标记所有对象"""
302535920000056,"""用彩色球体标记objlist中的所有项目。"""
302535920001369,"""Ged编辑"""
302535920001353,"""线程信息"""
302535920000016,"""删除任何彩色球体/重设彩色物体"
Press once to clear this examine," 再次清除所有。"""
302535920000021,"""用彩色球体和/或颜料标记物体。"""
302535920001321,"""用户界面点击检查"""
302535920001322,"""通过点击UI控件来检查。"""
302535920000970,"""UI Flash"""
302535920000972,"""被检查的用户界面对象的闪光可见性。"""
302535920001057,"""数据"""
302535920001239,"""功能"""
302535920001240,"""显示这个对象和父母/祖先的所有功能。"""
302535920001001,"""ECM。 <green>%s</green>的轻微问题，你可以安全地忽略以下一三个错误。"""
302535920000520,"""父母"""
302535920000525,"""祖先"""
302535920000553,"""检查父类和祖类。"""
302535920000414,"""你确定要删除<color ChoGGi_red>%s</color>吗？"""
302535920000228,"""分配给"""
302535920000043,"""<green>Enter</green> to scroll to next found text"
<green>Ctrl-Enter</green> to scroll to previous found text,
"<yellow>Arrow Keys</yellow> to scroll to each end""",
302535920000045,"""向下滚动一行或在""""<yellow>Search</yellow>""""中的文本之间滚动。"""
302535920000050,"""在对象编辑器中打开对象。 """
302535920000052,"""执行代码（使用控制台进行输出）。 <green>o</green>是审查员中打开的任何对象。"
"Which you can then mess around with some more in the console.""",
302535920000053,"""附件"""
302535920000054,"""任何附属于此物体的物体。"""
302535920000070,"""显示附件的清单。 这个<green>%s</green>有<yellow>%s</yellow>。"
,
"Press <green>%s</green> to hide green markers.""",
302535920001437,"""当你把注意力集中在编辑框上时读取文件（而不是按读取文件）。"""
302535920001438,"""焦点更新"""
302535920000471,"""外部编辑"""
302535920001434,"""使用一个外部编辑器（见编辑器cmd的设置）。"
Updates external file when you type in editor (only updates text when you press Read File).,
"Press again to toggle updating.""",
302535920001435,"""读取文件"""
302535920001436,"""用<green>%stempedit.lua</green>中的文本更新编辑器文本。"""
302535920000040,"""执行代码"""
302535920000072,"""在这里粘贴或输入要执行的代码", <green>o</green> is the examined object (ignored when opened from Console).,,,,,
"Press Ctrl-Enter or Shift-Enter to execute code.""",
302535920000073,"""在文本框中执行代码（Ctrl-Enter或Shift-Enter也可以）。"""
302535920000075,"""插入Obj"""
302535920000076,"""在关注点位置插入。<green>o</green>"""
302535920000104,"""显示"""
302535920000548,"""每次你点击这个，名单就会更新。"""
302535920001444,"""<左键>激活<右键>Alt激活"""
302535920001371,"""<left_click>*2 列表项目，以应用和关闭列表"," <right_click>*2 to apply without closing list.""",,,,,
302535920001341,"""<left_click>*2个列表项的应用，而不关闭列表。"""
302535920001167,"""使用Ctrl/Shift进行多重选择。"""
302535920001324,"""ECM。 OpenInListChoice(list)为空白... 这不应该发生。"""
302535920000068,"""过滤项目"""
302535920000806,"""只显示包含此文本的项目。"
,
"Press Enter to show all items.""",
302535920000077,"""输入一个要应用的自定义值。"
The listitem <green>must</green> be selected for this to take effect (it's the last listitem).,
"It won't be visible unless the """"%s"""" checkbox is enabled.",
,
"Warning: Entering the wrong type of value may crash the game or otherwise cause issues.""",
302535920000078,"""自定义值"""
302535920000079,"""* 使用此自定义值"""
302535920000080,"""按OK键应用并关闭对话框（也可使用方向键和Enter/Esc键"," or <left_click>*2 a list item).""",,,,,
302535920000082,"""检查这个""""<yellow>All of type</yellow>"""" 只适用于连接的电网。"""
302535920000085,"""每当""""<yellow>Amount</yellow>""""自动刷新列表。"""
302535920000086,"""手动刷新列表。"""
302535920000087,"""刷新延迟（毫秒）"""
302535920000088,"""<右键>*2打开对象列表。"""
302535920000091,"""每秒自动刷新列表（关闭以编辑数值）。"""
302535920000092,"""用任何改变的值更新列表。"""
302535920000095,"""新条目"""
302535920000096,"""输入要添加的新条目的名称。"""
302535920000097,"""新价值"""
302535920000098,"""设置要添加的新条目的值。"""
302535920000099,"""适用于所有"""
302535920000100,"""将选定的值应用于同一类型的所有对象。"""
302535920000101,"""你只能改变字符串/数字/booleans（要删除设置值为nil）。"
Value is updated while typing.,
Press Enter to refresh list (update names).,
,
"<left_click>*2 selected item to open in new editor.""",
302535920000102,"""用于改变所选列表项目的值。"""
302535920000103,"""编辑值"""
302535920000962,"""允许你用任何赞助商使用方舟舱。"""
302535920000941,"""乘客方舟舱"""
302535920000975,"""方舟舱价格"""
302535920000976,"""改变每个舱的价格（同时适用于供应/乘客）。"""
302535920000526,"""在这里修改的任何东西都会覆盖非常规菜单中的修改-aiawar。"
,
"<color ChoGGi_red>Warning</color>: 更改这些设置可能会导致崩溃""",
302535920000213,"""以前在ECM菜单中设置的（意味着它是有效的，这里的设置将覆盖这个值）。"""
302535920000158,"""常数"""
302535920000182,"""这个数额在使用时将被乘以的规模。"""
302535920000850,"""改变补给设置"""
302535920000719,"""添加轨道探测仪"""
302535920000720,"""增加更多的探机。"""
302535920000726,"""增加更多资金（或重新设定为500M）。"""
302535920001187,"""添加探机"""
302535920000727,"""填充选定的资源"""
302535920000728,"""填充所选/所关注的对象的资源"""
302535920001188,"""%s: om nom nom nom nom"""
302535920001189,"""乘客"""
302535920001190,"""为每个火箭乘客设置食物"""
302535920001194,"""使用编辑框输入要添加的预制件数量。"""
302535920001195,"""重置为500M"""
302535920001196,"""如果你的资金是一个负值", then you added too much.,,,,,
"修复方式: %s""",
302535920000159,"""无限的奇迹"""
302535920000223,"""无限的奇迹建造限制（阻止<yellow>建造一个奇迹</yellow>成就）。"""
302535920000423,"""解锁作物"""
302535920000444,"""显示锁定的农作物清单。"""
302535920001407,"""放置过程中的旋转"""
302535920001408,"""允许你旋转所有的建筑物。"""
302535920001398,"""取消赞助商的限制"""
302535920001399,"""允许你建造所有的建筑物，无论你的赞助商是谁。"""
302535920001367,"""切换"""
302535920001344,"""培训积分"""
302535920001345,"""完成训练需要多少分。"""
302535920000037,"""永远干净"""
302535920000316,"""建筑物永远不会有灰尘。"""
302535920001114,"""服务建筑统计"""
302535920001115,"""为公园等调整设置。"
Health change, 改变理智,服务舒适度," 舒适度提高。""",,,,
302535920001116,"""选择一个<green>%s</green>。"""
302535920000138,"""值需要是<green>%s</green>。"""
302535920001338,"""重置为默认值。"""
302535920001339,"""设置是否自定义。 <green>%s</green>"""
302535920001340,"""无效的设置将被跳过。"""
302535920001336,"""当这一数额时出口"""
302535920001337,"""当你有这么多珍品在仓库里的时候，马上就会推出。"""
302535920001330,"""切换时即时导出"""
302535920001331,"""切换禁止出口，让它立即出口当前库存。"""
302535920001332,"""每趟出口数量"""
302535920001333,"""你每趟能出口多少稀有金属。"""
302535920001334,"""每趟进口数量"""
302535920001335,"""你可以使用多少进口的存储。"""
302535920000063,"""在使用这些东西之前，你需要选择一个建筑物。"""
302535920000105,"""设定食物储存"""
302535920000107,"""%s: 我决不能害怕。 恐惧会给心灵带来彻底湮灭的死亡。"
我会面对我的恐惧，我将允许它越过我，穿过我。,
当它过去的时候，我会转动内在的眼睛去看它的背影。,
"恐惧一去不复返，空野独留我长存。""",
302535920000108,"""选择一个有保护范围的建筑（MDS激光/防御塔）。"""
302535920000113,"""<green>%s</green>范围现在是<yellow>%s</yellow>。"""
302535920000114,"""设置保护半径"""
302535920000116,"""%s: 建筑物已解锁。"""
302535920000117,"""解锁建筑"""
302535920000118,"""挑选你想解锁的建筑（使用Ctrl/Shift键可解锁多个）。"""
302535920000119,"""%s: 你口袋里的是火箭吗？"""
302535920000120,"""你需要选择一个用电的建筑。"""
302535920000122,"""你需要选择一个有能力（空气/水/电力）的建筑。"""
302535920000121,"""你需要选择一个用水的建筑。"""
302535920001250,"""你需要选择一个使用氧气的建筑。"""
302535920000124,"""充电"""
302535920000125,"""放电"""
302535920000128,"""<green>%s</green>当前速度为： <yellow>%s</yellow>"""
302535920000130,"""放电/充电速度"""
302535920000131,"""当前速度"""
302535920000132,"""改变充电速度"""
302535920000133,"""改变放电速度"""
302535920000134,"""建筑定位"""
302535920000135,"""嗯",我一直在煤矿工作。,,,,,
下降, 下来。
在煤矿工作。,
哟," 快要滑下来了。"""
302535920000136,"""选择一些能产生（空气",水,电力," 其他）。""",,,
302535920000137,"""<green>%s</green>当前生产: <yellow>%s</yellow>"""
302535920000139,"""生产数量"""
302535920000140,"""当前生产"""
302535920000141,"""选择一个有工人的建筑。"""
302535920000143,"""%s:"
"我认为首相赞成这个计划，因为它会降低失业率。""",
302535920000144,"""自动化性能"""
302535920000145,"""设定了这种类型的所有自动化建筑的性能"""
302535920000147,"""只适用于选定的对象，而不是所有的<green>%s</green>。"""
302535920000148,"""%s:"
你让你的工作站保持干净, 杰罗姆。
"它仅次于虔诚。他们不是这么说的吗？""",
302535920000149,"""%s:"
"这尿里的伏特加比尿还多。""""",
302535920000150,"""%s: 对你的疾病有好处"""
302535920000151,"""%s: 香料必须流动！"""
302535920000152,"""%s:  新的处罚范围"""
302535920000153,"""%s:"
So, er,我们是飞鹰5号的船员,如果我们真的遇到了外星人,那就尝试和他们第一次接触,,,
"这是来自我们这个小而伟大的植物——波托霍（土豆）的孩子们的友谊问候。""",
302535920000154,"""%s:"
"你的家不会是某个内陆沼泽星球上的小屋，你的家将是整个宇宙。""",
302535920000155,"""%s:"
We were all feeling a bit shagged and fagged and fashed,
it having been an evening of some small energy expenditure, 我的兄弟啊。
"So we got rid of the auto and stopped off at the Korova for a nightcap.""",
302535920000156,"""%s: 外星人？ 我们也要对付外星人？"""
302535920000160,"""%s: 自由的尖顶！"""
302535920000161,"""%s: 建筑物即时建造"""
302535920001241,"""即时建造"""
302535920000164,"""餐馆和杂货店的存储量。"""
302535920000167,"""改变它们的食物储存量（忙碌时减少殖民者挨饿的机会）。"""
302535920000169,"""女士们，先生们", this is your captain speaking. We have a small problem.,,,,,
All four engines have stopped. We are doing our damnedest to get them going again.,
"I trust you are not in too much distress.""",
302535920000170,"""改变%s的范围。"""
302535920000172,"""关于供暖的一些聪明的调侃？"""
302535920000174,"""总是尘土飞扬"""
302535920000175,"""建筑物永远不会失去它们的灰尘（除非你把这个关掉", then it'll reset the dust amount).,,,,,
"Will be overridden by %s.""",
302535920000176,"""空的机甲仓库"""
302535920000177,"""将选定的/被关注的机械库清空到前面的一个小仓库。"""
302535920000178,"""保护半径"""
302535920000179,"""改变威胁保护的覆盖距离（MDSLaser/DefenceTower）。"""
302535920000180,"""解锁的建筑物"""
302535920000181,"""显示你可以解锁的建筑列表。"
"This doesn't apply to sponsor limited ones; see Toggles>%s.""",
302535920000183,"""只在开始和结束时放置支柱。"""
302535920000184,"""无限连接长度"""
302535920000185,"""对管道不再有长度限制", cables," and passages.""",,,,
302535920000186,"""无电建筑"""
302535920000187,"""切换所选建筑类型的用电量。"""
302535920001251,"""无水建筑"""
302535920001252,"""切换所选建筑类型的用水量。"""
302535920001253,"""无氧建筑"""
302535920001254,"""为选定的建筑类型切换氧气使用。"""
302535920000188,"""设置充电和放电速率"""
302535920000189,"""改变空气/水/电池储存能力的变化速度。"""
302535920000190,"""使用最后的建筑安置方向。"""
302535920000191,"""使用最后一个方向"""
302535920000192,"""农场轮班全开"""
302535920000193,"""开启了所有的农场班次。"""
302535920000194,"""生产量设定"""
302535920000195,"""设置选定类型的建筑物的生产", also applies to newly placed ones.,,,,,
"Works on any building that produces.""",
302535920000196,"""完全自动化的建筑"""
302535920000197,"""没有工人的工作（选择一个建筑物，这将适用于所有类型或选定的）。"""
302535920000198,"""治愈一切"""
302535920000199,"""切换固化所有特征（使用""<yellow>显示所有特征</yellow>"""" & """"<yellow>显示完整列表</yellow>"""" 来手动设置）。"")"
302535920000200,"""培训所有"""
302535920000202,"""显示所有特质"""
302535920000203,"""在疗养院/学校侧板弹出菜单中显示所有适当的特征。"""
302535920000204,"""显示完整列表"""
302535920000205,"""在侧窗格中切换显示特性选择器的完整列表。"""
302535920000206,"""内部免维护"""
302535920000207,"""穹顶内的建筑不会建立维护点（拿走而不是增加）。"""
302535920000208,"""免维护"""
302535920000209,"""建筑维护点倒置（拿走而不是增加）。"""
302535920000210,"""水分蒸发器的处罚"""
302535920000211,"""当水分蒸发器相互靠近时，禁用惩罚。"""
302535920000214,"""廉价建筑"""
302535920000215,"""用最少的资源进行建设。"""
302535920000216,"""建筑破坏罪"""
302535920000217,"""禁用背弃者对建筑物的损害。"""
302535920000218,"""不休息"""
302535920000224,"""显示隐藏的建筑"""
302535920000225,"""在建造菜单中显示隐藏的建筑物。"""
302535920000226,"""取消尖顶点限制"""
302535920000227,"""在穹顶的任何地方建造尖顶。"
"Use with <green>%s</green> to fill up a dome with spires.""",
302535920000229,"""建筑是瞬间建成的。"""
302535920000230,"""取消建筑限制"""
302535920000231,"""建筑物几乎可以放在任何地方。"
"See also %s.""",
302535920001087,"""导弹打击"""
302535920001086,"""流星打击"""
302535920000840,"""所有的殖民者都是在这个时代产生的。"""
302535920000931,"""生成POI"""
302535920000934,"""POI"""
302535920000171,"""解锁异常点突破"""
302535920000173,"""解开异常点的任何突破（不是行星上的）。"""
302535920001587,"""闪电式打击"""
302535920001588,"""打击一个随机的位置，如果使用快捷方式，则打击鼠标光标。"""
302535920001580,"""中断抑制时间"""
302535920001581,"""将story.time_created设置为-SuppressTime。"""
302535920001582,"""测试切换"""
302535920001583,"""切换g_StoryBitTesting。"""
302535920001584,"""测试删除积压"""
302535920001585,"""将AccountStorage.StoryBitTimestamp设置为nil。"""
302535920001546,"""增加了随机延迟（以防止游戏在大量的情况下出现滞后）。"""
302535920000902,"""任何在工具提示中带有Repeatable的东西都会在地图上产生更多的物品。"
"Deep items will unlock the ability to exploit those resources.""",
302535920001508,"""保存你的游戏。"
"This will switch to a new map.""",
302535920001496,"""显示要解锁的成就列表（永久！）。"""
302535920001494,"""从研究的列表中删除一个技术，并重置它所增加的任何数值（不是mods的复杂东西）。"""
302535920001495,"""这试图扭转技术研究时的变化（重点是试图）。"""
302535920001478,"""打开MOD编辑器，加载MOD地图。"""
302535920001402,"""为你的穹顶添加一些聚会，为期3小时（最多10个穹顶）。"""
302535920001392,"""将story.cooldown_end设置为GameTime。"""
302535920001393,"""清除冷却时间"""
302535920001394,"""催生行星异常现象"""
302535920001395,"""将%s地点添加到行星视图中。"""
302535920000250,"""默认的地图数据类型"""
302535920001372,"""改变末端的数字，以发射该数量（例如。 <green>%s25</green>）。"")"
302535920001373,"""闪电式打击"""
302535920001374,"""LightningStrike"""
302535920001343,"""你能连续外包多少次。"""
302535920000292,"""将赞助商的积分重置为该赞助商的默认积分"""
302535920000329,"""扫描所有异常情况。"""
302535920001286,"""扫描所有或某些类型的异常情况。"""
302535920000123,"""阻止大多数灾难"""
302535920000251,"""梅塔特隆离子风暴"""
302535920001278,"""即时研究"""
302535920001279,"""即时研究你点击的任何东西。"""
302535920000305,"""研究队列大小"""
302535920000266,"""再生者"""
302535920000295,"""增加研究点"""
302535920000232,"""可拖动的作弊器菜单"""
302535920000324,"""作弊器菜单可以移动。"""
302535920000325,"""保持作弊器菜单位置"""
302535920000326,"""这个菜单将留在你拖动它的地方。"""
302535920000327,"""地图探索"""
302535920000328,"""扫描", deep scanning, core mines," and alien imprints.""",,,
302535920000330,"""前进到下一个部分", show what part you're on," or remove mysteries.""",,,,
302535920000331,"""神秘的开始"""
302535920000332,"""挑选并开始一个谜题（有即时启动选项）。"
"Certain mysteries need certain objects which get placed when the map is generated on a new game (the green rocks one for instance).""",
302535920000334,"""显示灾难列表，并可选择启动一个。"""
302535920000336,"""产生X数量的殖民者。"""
302535920000337,"""切换解锁所有建筑"""
302535920000338,"""解锁所有建筑的建设。"
This doesn't apply to sponsor limited ones; see ECM>Buildings>Toggles>%s.,
"To unlock a single building: See ECM>Buildings>%s.""",
302535920000339,"""切换所有班次"""
302535920000340,"""切换所有工作班的开或关（农场只开一个）。"""
302535920000341,"""更新所有工作场所"""
302535920000342,"""更新所有殖民者的工作场所。"""
302535920000343,"""清除强迫性工作场所"""
302535920000344,"""从所有殖民者那里删除""""<green>user_forced_workplace</green>"""" 。"""
302535920000346,"""选择你想解锁/研究的内容（默认为解锁）。"""
302535920000348,"""允许队列中的更多项目。"""
302535920000349,"""重置所有研究"""
302535920000350,"""重设所有研究（包括突破性技术）。"""
302535920000352,"""目前正在研究的完整项目。"""
302535920000354,"""增加指定数量的研究点。"""
302535920000355,"""免费外包"""
302535920000357,"""允许有一定数量的突破"""
302535920000358,"""允许解锁多少个突破口？"""
302535920000359,"""来自欧米茄望远镜的突破"""
302535920000360,"""欧米茄望远镜将解锁多少突破。"""
302535920000361,"""取消所有钉住的对象"""
302535920000362,"""从""""<green>Pin</green>""""菜单里移除所有对象。"""
302535920000363,"""完整的电线和管道"""
302535920000364,"""立即完成所有电线和管道。"""
302535920000365,"""完整的建筑"""
302535920000366,"""立即完成所有建设。"""
302535920000368,"""打开MOD编辑器。"""
302535920000233,"""作弊器的悬停切换"""
302535920000238,"""你确定要重置所有研究（包括突破性技术）吗？"
,
"Buildings are still unlocked.""",
302535920000240,"""停止"""
302535920000241,"""主要"""
302535920000245,"""多次生成。"""
302535920000246,"""""导弹"""""
302535920000252,"""以鼠标光标为目标（使用方向键选择，回车开始）。"""
302535920000253,"""核心扫描: 可重复的"," 开发核心资源。""""",,,,,
302535920000254,"""深度扫描: 解锁技术，开发深层资源。"""
302535920000255,"""深度扫描"""
302535920000256,"""核心扫描"""
302535920000257,"""深度扫描"""
302535920000258,"""揭秘地图"""
302535920000259,"""地图全开"""
302535920000260,"""地图全开（深度扫描）"""
302535920000261,"""地图全开并解锁""""<green>Deep</green>"""" 资源。"""
302535920000262,"""爱丽丝心想： """"现在你们将看到一部为儿童制作的电影。"""""
也许吧。,
但是我差点忘了！你必须闭上眼睛。,
"否则你什么也看不见。""",
302535920000263,"""扫描地图"""
302535920000267,"""殖民者 ""优先放置在: 选定的穹顶",如果没有圆顶,"平均分布在圆顶之间或地图中心""",,,,
302535920000268,"""开始一个谜团"""
302535920000269,"""增加一个谜团是累积性的",这不会取代现有的谜团。,,,,,
,
"请参阅作弊选项<green>%s</green> 来移除。""",
302535920000270,"""瞬间启动"""
302535920000271,"""可能需要长达1个月的时间来""""即时"""" 激活谜团。"""
302535920000272,"""要播放语音，请按""""<green>%s</green>"""" 复选框，并键入"
"g_Voice:Play(o.speech)""",
302535920000273,"""演讲"""
302535920000274,"""信息"""
302535920000275,"""零件总数"""
302535920000276,"""完成了吗？"""
302535920000277,"""删除全部"""
302535920000278,"""删除"""
302535920000279,"""管理"""
302535920000280,"""跳过计时器延迟",并且可选地跳过需求(适用于所有相同类型的神秘事物)。,,,,,
,
序列部分可能有多个检查, 你可能不得不跳过两次或更多。
,
"<right_click>*2 选择要查看过去消息的神秘事件""",
302535920000282,"""这将消除神秘感","如果你重新开始；它会恢复原样。""",,,,,
302535920000283,"""全部删除"""
302535920000284,"""这将消除所有的谜团！"""
302535920000285,"""点击""""<color ChoGGi_red>OK</color>"""" 以跳过要求（警告。 可能会导致以后的问题","未经测试)。""",,,,,
302535920000286,"""部分"""
302535920000287,"""定时器延迟被移除（可能需要长达1个月）。"""
302535920000288,"""前进需要"""
302535920000289,"""当前部分"""
302535920000290,"""时间长度已被设定为0（你仍然需要完成要求）。"
,
"等待一两个太阳日更新(应该会弹出消息)。""",
302535920000291,"""等待<green>%s</green>完成。"
,
"Skip it?""",
302535920000293,"""%s: 所有建筑的建设。"""
302535920000294,"""添加"""
302535920000296,"""如果你在研究方面需要一点推动力（或很大的推动力）。"""
302535920000297,"""%s:"
"Best hope you picked India as your Mars sponsor...""",
302535920000298,"""UIColony.tech_field列表中的最大数量"," you could make the amount larger if you want (an update/mod can add more).""",,,,,
302535920000299,"""%s: 研究是我在不知道自己在做什么的时候所做的事情。"""
302535920000301,"""基数翻倍。"""
302535920000302,"""%s: S M R T"""
302535920000303,"""允许的突破"""
302535920000304,"""%s: 书呆子。"""
302535920000307,"""所有的技术/突破/神秘"""
302535920000308,"""所有技术"""
302535920000309,"""所有的常规技术"""
302535920000314,"""研究过"""
302535920000315,"""%s%s技术（s）。 释放你内心的黑色巨石之谜。"""
302535920000317,"""选择解锁或研究，然后选择你想要的技术。 大多数神秘的技术都被锁定在这个神秘的地方。"""
302535920000319,"""只是在研究树上解锁。"""
302535920000320,"""开锁和研究。"""
302535920000883,"""如果你把这个做得太大，那么你可能会得到脱水的开放性穹顶。"""
302535920001589,"""禁止创造叛徒。"""
302535920001590,"""删除""""在穹顶外工作"""" 惩罚。"""
302535920000375,"""Soylent选项"""
302535920000212,"""工作"""
302535920000446,"""殖民者死亡年龄"""
302535920000992,"""建立特质"""
302535920000912,"""刑罚"""
302535920000736,"""%s: 哎呀，有人打破了火箭"," guess you're stuck on mars.""",,,,,
302535920000737,"""%s: 水？ 比如从厕所里出来？"""
302535920000738,"""邪恶的霸主"""
302535920000742,"""祝贺你! 你被授予 ""儿童杀手 ""称号。"
,
,
,
"I think somebody has been playing too much Fallout...""",
302535920000743,"""儿童杀手"""
302535920000744,"""进入坦克，与全体人民融为一体，是每个公民的最终职责。"""
302535920000747,"""将无用的肉袋转化为生产性的蛋白质。"
,
Certain colonists may take some time (traveling in shuttles).,
"This will not effect your applicants/game failure (genocide without reprisal ftw).""",
302535920000748,"""随机资源"""
302535920000749,"""掉落随机资源而不是食物。"""
302535920000754,"""清空申请人库。"""
302535920000755,"""申请人"""
302535920000756,"""%s: 添加申请人。"""
302535920000757,"""将申请人添加到池中"""
302535920000759,"""清晰的申请人库"""
302535920000760,"""删除当前池中的所有申请人（勾选此项将忽略你的名单选择）。"
,
"Current Pool Size: <green>%s</green>""",
302535920000761,"""你确定你要解雇所有人吗？"""
302535920000762,"""你离开这里！"""
302535920000763,"""开启所有班次"""
302535920000764,"""关闭所有班次"""
302535920000765,"""早点睡？ Vamos al bar un trago！"""
302535920000766,"""这将改变所有的轮班。"""
302535920000767,"""降低=更多的婴儿"""
302535920000768,"""更高=更少的婴儿"""
302535920000770,
Look at them, 血腥的天主教徒," filling the bloody world up with bloody people they can't afford to bloody feed.""",,,,,
302535920000771,"""设定生产所需的最低舒适度"""
302535920000772,"""%s:"
"The mill's closed. There's no more work. We're destitute. I'm afraid I have no choice but to sell you all for scientific experiments.""",
302535920000773,"""%s: 我只是喜欢寻找颠覆者。"""
302535920000774,"""让所有的叛徒"""
302535920000775,"""清除所有叛徒"""
302535920000776,"""好的", a limousine that can fly. Now I have seen everything.,,,,,
Really? Have you seen a man eat his own head?,
No.,
So then," 你还没有看到一切。"""
302535920000777,"""做叛徒"""
302535920000778,"""%s: 像猪一样快乐。"""
302535920000779,"""%s: 我爱我的一些尸体。"""
302535920000780,"""%s:"
Oh, 给我一个水牛游荡的家。
Where the Deer and the Antelope play;,
"Where seldom is heard a discouraging word.""",
302535920000781,"""%s: 愚蠢而快乐"""
302535920000782,"""%s: 逃跑没那么容易"""
302535920000783,"""%s: 自由空气"""
302535920000784,"""%s: 一块过期的面包总比没有好。"
And nothing is better than a big juicey steak.,
"Therefore a stale piece of bread is better than a big juicy steak.""",
302535920000785,"""%s: 无愧于心"""
302535920000786,"""%s:我们都见过他们", on the playground, at the store," walking on the streets.""",,,
302535920000787,"""%s: 说","""""Small umbrella"," small umbrella.""""""",,,,
302535920000789,"""%s: 有一个声音一直在呼唤我。"
Down the road is where I'll always be.,
Maybe tomorrow, 我会找到我称之为家的东西。
Until tomorrow," 你知道我可以自由地漫游。"""
302535920000790,"""设置在工作场所半径之外"""
302535920000791,"""当前距离"""
302535920000792,"""你可能不想让它走得太远，除非你关闭了窒息。"""
302535920000794,"""使用与游戏相同的代码来挑选死亡年龄。"""
302535920000795,"""洛根的奔跑（小说）"""
302535920000796,"""洛根的奔跑（电影）"""
302535920000797,"""TNG。 半条命"""
302535920000798,"""快乐的地方"""
302535920000799,"""及时行乐"""
302535920000801,"""设置死亡年龄"""
302535920000802,"""通常的年龄大约是<green>%s</green>。 这并不能阻止殖民者成为老年人。 只是死亡（研究ForeverYoung的永恒劳动）。"""
302535920000804,"""在这里没有懒惰的人，没有好的东西"""
302535920000805,"""警告。 孩子将消除专业化。"""
302535920000808,"""游戏通常如何运作"""
302535920000809,"""只设定为男性或女性"""
302535920000807,"""殖民者时代"""
302535920000810,"""殖民者的性别"""
302535920000813,"""殖民者的专业化"""
302535920000820,"""殖民者种族"""
302535920000830,"""殖民者的特征集"""
302535920000831,"""殖民者的特征"""
302535920000811,"""每个人都有一个规格"""
302535920000812,"""删除专业"""
302535920000814,"""Herrenvolk"""
302535920000815,"""Schwarzvolk"""
302535920000816,"""Asiatischvolk"""
302535920000817,"""Indischvolk"""
302535920000818,"""S?dost Asiatischvolk"""
302535920000819,"""纳粹优生学"""
302535920000821,"""默认情况下，添加特征时，","勾选移除以移除。""",,,,,
302535920000822,"""使用游戏默认值"""
302535920000823,"""所有积极的特征"""
302535920000824,"""所有的积极特征......"""
302535920000825,"""所有负面的特征"""
302535920000826,"""所有的负面特征..."""
302535920001040,"""所有其他特征"""
302535920001050,"""所有其他的特征......"""
302535920000828,"""所有的特征......"""
302535920000829,"""随机的。 每个殖民者得到三个积极的和三个消极的特征（如果它挑选了相同的特征，那么你不会得到所有的六个特征）。"""
302535920000832,"""检查删除特质"""
302535920000833,"""所有统计数据"""
302535920000835,"""填充"""
302535920000836,"""设置所有殖民者的统计资料"""
302535920000837,"""填写。 统计条填充到100"
Max: 100000 (choose fill to reset),
,
"Warning: Disable births or else...""",
302535920000838,"""殖民者移动速度"""
302535920000842,"""选择一个工作场所或培训大楼。"""
302535920000843,"""切换的特征"""
302535920000844,"""被解雇的工人"""
302535920000846,"""对于"""
302535920000847,"""选择特征，并单击 ""确定 ""来切换状态。"""
302535920000848,"""消防工人"""
302535920000849,"""也会从所有<green>%s</green>中解雇具有该特征的工人。"""
302535920000369,"""不再晕地球"""
302535920000370,"""殖民者永远不会晕地球（当你启用这个功能时，会移除任何）。"""
302535920000371,"""特质。 对所选建筑类型的限制"""
302535920000372,"""选择一个建筑，用这个只允许具有某些特征的工人在那里工作（区块会覆盖）。"""
302535920000373,"""特质。 所选建筑类型的街区"""
302535920000374,"""选择一个建筑物，用它来阻止具有某些特征的工人在那里工作（覆盖限制）。"""
302535920000376,"""将被选中/被控制的殖民者变成食物（1-5之间）。"," or shows a list with choices.""",,,,,
302535920000377,"""殖民者移动速度"""
302535920000378,"""殖民者将以多快的速度移动。"""
302535920000379,"""添加或删除申请人"""
302535920000380,"""将随机的申请者加入到乘客池中（有选项可以删除所有）。"""
302535920000383,"""解雇所有殖民者！"""
302535920000384,"""将每个人从每项工作中解雇。"""
302535920000385,"""设置所有工作班次"""
302535920000386,"""设置所有班次的开或关（能够取消）。"""
302535920000393,"""为所有的人增加专业性"""
302535920000394,"""如果殖民者没有专业，那么就随机增加一个专业"""
302535920000397,"""访问失败的惩罚"""
302535920000399,"""叛逆者创作切换"""
302535920000401,"""设置叛徒状态"""
302535920000402,"""士气总是最大的"""
302535920000403,"""殖民者总是最大的士气（会影响生育率）。"
"Only works on colonists that have yet to spawn (maybe).""",
302535920000408,"""理智受损的机会"""
302535920000409,"""禁止殖民者从某些事件中获得理智损害。"""
302535920000410,"""大学毕业后去掉白痴"""
302535920000411,"""当殖民者毕业时，这将消除白痴的特征。"""
302535920000412,"""负面特质的机会"""
302535920000418,"""殖民者饿死了"""
302535920000420,"""积极的游乐场"""
302535920000424,"""设定年龄新"""
302535920000425,"""这将使所有新来的和出生的殖民者达到一定的年龄。"""
302535920000426,"""设定年龄"""
302535920000427,"""这将使所有殖民者达到一定的年龄。"""
302535920000428,"""设置性别新"""
302535920000429,"""这将使所有新来的和出生的殖民者成为某种性别。"""
302535920000430,"""设置性别"""
302535920000431,"""这将使所有殖民者具有某种性别。"""
302535920000432,"""设置专业化的新"""
302535920000433,"""这将使所有新来的殖民者成为某种专业（儿童和规格=黑方块）。"""
302535920000434,"""设置专业"""
302535920000435,"""这将使所有殖民者都有一定的专业性。"""
302535920000436,"""设置竞赛新"""
302535920000437,"""这将使所有新来的和出生的殖民者成为某种种族。"""
302535920000438,"""设置竞赛"""
302535920000439,"""这将使所有殖民者成为某个种族。"""
302535920000440,"""设置新特性"""
302535920000441,"""这将使所有新来的和出生的殖民者具有某些特征。"""
302535920000442,"""设定特质"""
302535920000443,"""为所有殖民者选择特质。"""
302535920000445,"""改变所有殖民者的状态（健康/精神/舒适/士气）。"
,
"不是永久的。""",
302535920000447,"""改变殖民者的死亡年龄（也适用于新到和出生的殖民者）。"""
302535920000448,"""我担心这可能是9除以11再乘以1000."""
302535920001649,"""切换界面"""
302535920001650,"""为截图/等切换所有界面元素。"""
302535920001637,"""绝对"""
302535920001638,"""相对的"""
302535920001066,"""信息面板对话框"""
302535920001451,"""将信息面板对话框（选择面板）居中。"""
302535920000935,"""在游戏中发生的随机小任务。"""
302535920000978,"""跳过故事的片段"""
302535920000980,"""当一个故事位出现时。 总是在稍有延迟后选择第一个选项。"""
302535920000220,"""像%s",但这显示十六进制定位," (偏移或地图设置变化)。""",,,,
302535920000680,"""跟随鼠标网格位置"""
302535920000681,"""要显示的定位类型（相对或绝对）。"""
302535920000923,"""设置用于<green>%s</green>检查的半径。"""
302535920000926,"""切换"""
302535920000421,"""覆盖条件的前提条件"""
302535920000919,"""所有storybit/negotiation/etc选项都已启用。"""
302535920000905,"""在FPS，", ms，,关闭之间切换。,,,,
This is temporary," 使用选项>视频>帧速率计数器来永久保存。"""
302535920000419,"""125=47251个六角点。"""
302535920000413,"""延迟"""
302535920000415,"""更新路径之间的延迟 (ms)(更新所有其他渲染时为 0)。"""
302535920000416,"""延迟不是有效的课程。"""
302535920000049,"""加载屏幕日志"""
302535920001621,"""在加载屏幕期间，可以查看控制台日志（和其他对话框）。"
,
"警告:在屏幕上留下“欢迎来到火星”的消息，直到地图加载完毕。""",
302535920001591,"""Show Grid Small""（显示网格小）"
302535920001592,"""Small（使用Disable隐藏）。"""
302535920001556,"""使用所选对象。"""
302535920001557,"""不发送上下文对象而显示故事。"""
302535920001555,"""选择随机<green>%s</green>作为故事位上下文。"""
302535920001198,"""显示当前地图中使用的地形纹理列表。"""
302535920001136,"""测试 CSV 是否存在错误的字符串（正常加载时可能会导致冻结）。"""
302535920001137,"""CSV路径"
302535920001155,"""输入要测试的 CSV 文件的路径（例如，默认值为 mine）。"
您可以编辑CSV，然后再次运行，而无需重新启动游戏。,
"""
302535920001162, ""Test Columns""",
302535920001166,"""报告超过正常值 (5) 的列。"
列由逗号添加(," ）使用时，请用""""包围整个字符串。"
,
如果出现的错误不够或太多，可以尝试增加或减少这个数字。,
"对于值，输入 """"<green>true</green>"""" (使用5)或一个数字。",
,
"你需要安装我的HelperMod才能使用它。""",
302535920001547,"""可视对象"""
302535920001548,"""显示当前帧中渲染的对象的列表。"""
302535920001527,"""建筑路径标记"""
302535920001528,"""展示殖民者移动的内部路线（并非所有建筑物）。"""
302535920001498,"""检查持久性错误"""
302535920001499,"""保存时显示带有持续错误的检查对话框。"""
302535920001491,"""显示所有实体"""
302535920001492,"""加载空白地图并放置所有实体。"""
302535920001493,"""这将更改为新的地图。","没有保存的东西就会丢失!""",,,,,
302535920001458,"""材料特性"""
302535920001459,"""显示与 .mtl 文件一起使用的材质设置/.dds 文件的列表。"""
302535920001421,"""显示可用于所选对象的粒子的列表。"""
302535920001417,"""跟踪鼠标网格大小"""
302535920001418,"""设置建筑/飞行网格的大小。"""
302535920001419,"""跟踪鼠标网格转换"""
302535920001420,"""建筑物/飞行网格有多透明。"""
302535920001359,"""测试激活一个故事位。"""
302535920001358,"""集团"""
302535920001382,"""游戏时间"""
302535920001368,"""声音 FX"""
302535920000724,"""显示方形网格"""
302535920000725,"""正方形（使用禁用隐藏）。"""
302535920001192,"""显示45度方形网格"""
302535920001325,"""45度方形网格（使用禁用隐藏）。"""
302535920001326,"""显示六边形网格"""
302535920001327,"""六边形网格（使用禁用隐藏）。"""
302535920001328,"""禁用显示网格"""
302535920001329,"""隐藏白色网格"""
302535920001310,"""DTM插槽显示"""
302535920001311,"""显示DTM插槽"""
302535920001314,"""切换渲染"""
302535920001315,"""切换渲染某些内容。"""
302535920001316,"""切换:%s=%s"""
302535920001276,"""如果不确认这个，什么也不会删除。"""
302535920000146,"""删除保存的游戏"""
302535920001273,"""显示保存的游戏列表。","并允许你一次删除多个。""",,,,,
302535920001274,"""这是永久性的！</color>"""
302535920001275,"""删除保存的游戏<color ChoGI_red>%s</color>"""
302535920000467,"""路径标记"""
302535920001175,"""调试 FX"""
302535920000453,"""重新加载LUA"""
302535920001163,"""选择了平坦的高度<green>%s</green>"," 再次按快捷键来更新可建造的。""",,,,,
302535920001164,"""平坦化已经停止。","现在可以建造了。""",,,,,
302535920000851,"""不是物体吗？"
"听起来像是一个未完成的存档;把文件发给我，我看看""",
302535920000852,"""这将删除<color ChoGGi_red>%s</color> 的所有 <yellow>%s</yellow>。"""
302535920000856,"""是的。","我想删除全部: <color ChoGGi_red>%s</color>""",,,,,
302535920000857,"""没有。","我需要备份我的保存首先(就比如在点击 """"<green>删除全部</green>""""按钮前）。""",,,,,
302535920000859,"""动画状态"""
302535920000860,"""设置动画状态"""
302535920000861,"""当前状态:<green>%s</green>"
302535920000868,"""选择地图"""
302535920000869,"""这个<color ChoGI_red>%s</color>没有获取路径功能。"," 一些东西可能未生成""",,,,,
302535920000871,"""好像不是移动的对象。"""
302535920000872,"""路径"""
302535920000873,"""没那么有效。"""
302535920000876,"""删除中间点"""
302535920000877,"""从地图中删除 waypoint 并重置颜色（选择要全部删除的对象类型）。"""
302535920000878,"""跳过标志"""
302535920000879,"""别加标志""","只有线条和球体(适用于更大的地图)。""",,,,,
302535920000454,"""从已启用的模式（ECM/Lib除外）重新加载代码。"""
302535920000874," (有关一次标记多个的信息，请参见 路径标记 )。"""
302535920001176,"""在控制台中切换FX调试信息。"""
302535920001184,"""粒子"""
302535920000485,"""地平面开关"""
302535920000486,"""使用快捷方式打开此功能，因为光标位于平坦的高度。"
,
"使用Shift +箭头键来改变高度/半径。""",
302535920000449,"""实体点切换"""
302535920000450,"""切换以显示选定对象上的连接点。"""
302535920000451,"""测量工具"""
302535920000452,"""测量内容（再次按 删除线条）。"""
302535920000455,"""对象克隆器"""
302535920000456,"""被选中/拖动对象到当前鼠标位置的克隆（可能应该使用快捷键而不是此菜单项。"""
302535920000457,"""动画状态集"""
302535920000458,"""命令时，使所选对象跳舞。"""
302535920000459,"""Anim调试切换"""
302535920000460,"""将文本附加到显示动画信息（或仅显示选定对象）的每个对象。"""
302535920000462,"""实时映射路径"""
302535920000468,"""显示选定的单位路径，或显示添加/删除路径的列表，可用于",无人机、,殖民者,"或者穿梭机。""",,,
302535920000469,"""关闭对话框"""
302535920000470,"""关闭 ECM 打开的对话框 (Examine)",对象编辑器、,改变颜色,"等等……)。""",,,
302535920000472,"""操作对象（选定或鼠标光标下）"""
302535920000475,"""实体生成器"""
302535920000476,"""显示实体对象的列表，该对象具有鼠标光标处可生成的选项。"""
302535920000478,"""清除控制台历史记录显示。"""
302535920000479,"""切换编辑器"""
302535920000480,"""开发人员被代码埋没的某种编辑。"
Select object(s) then hold ctrl/shift/alt and drag mouse.,
click+drag for multiple selection.,
,
这并不是说圆顶需要在你放置它们的地方(如果你把所有的圆顶都移到一个地方，人们就会忽略它)。,
,
,
<color ChoGGi_red>WARNING</color>: Buggy! I kinda got it working," 请期待问题！"""
302535920000481,"""打开 InGed 对象编辑器"""
302535920000482,"""显示有关对象的一些信息等。","有些按钮可能会让相机摇晃(使用游戏>相机>重置)。""",,,,,
302535920000487,"""删除所有选定对象"""
302535920000488,"""事先要求确认（不删除圆顶）。"""
302535920000489,"""删除对象"""
302535920000490,"""删除鼠标光标下的选定对象（大多数对象）。"""
302535920000492,"""为选定或鼠标覆盖的对象打开对象检查器。"
"Use <green>%s</green> to show a list of all objects in a radius around cursor.""",
302535920000493,"""更改地图"""
302535920000494,"""更改地图（选择命令的选项）",赞助商,等等……,,,,
,
"注意:如果是黄色区域;请重新加载或尝试 %s.""",
302535920000495,"""重新加载粒子"""
302535920000496,"""从<green>Data/Particles</green>重新加载粒子。"""
302535920000499,"""切换建筑网格"""
302535920000500,"""在鼠标周围显示六边形网格:"
 绿色=可通过/可构建, 黄色=不可通过/可构建
蓝色=可通过/不可构建," 红色=不可通过/不可构建。"""
302535920000702,"""无人机蜂群移动速度"""
302535920000051,"""无人机电池容量"""
302535920000945,"""改变无人机电池的容量。"""
302535920000237,"""要重置设置，请选中此选项。"""
302535920001317,"""火箭发射所需燃料"""
302535920001318,"""改变发射燃料火箭的量。"""
302535920001319,"""火箭忽略燃料"""
302535920001320,"""火箭发射不需要燃料。"""
302535920001291,"""最大出口额"""
302535920001290,"""改变每枚火箭可以出口多少稀有金属。"""
302535920000535,"""设定穿梭机中心穿梭机容量"""
302535920000509,"""无人机 岩石到混凝土速度"""
302535920000511,"""无人机移动速度"""
302535920000543,"""RC移动速度"""
302535920000746,"""添加"""
302535920000917,"""打包"""
302535920000880,"""设定漫游车充电半径"""
302535920000884,"""设定Rover的工作半径"""
302535920000886,"""设置无人机集线器工作半径"""
302535920000889,"""基本速度"""
302535920000890,"""升级"""
302535920000891,"""应用技术解锁"""
302535920000894,"""本期数量"""
302535920000895,"""无人机数量变更"""
302535920000896,"""平台内无人机"""
302535920000897,"""无人机预制室"""
302535920000898,"""打包无人机"""
302535920000899,"""如果要将无人机打包到预制件中，请选中此复选框（数量可能大于安装的无人机）。"""
302535920000901,"""设定无人机工厂建设速度"""
302535920000907,"""%s:嗯。",勾搭能否让陌生人觉得我很酷,"我会做的!""",,,,
302535920000909,"""如果将此数量设置为大于建筑物的""<green>存储</green>""数量，则无人机不会拾取存储（请参阅:修复>%s）。"""
302535920000910,"""如果超过1000，则删除保存（已满）。"""
302535920000911,"""无人机可以携带<green>%s</green>物品。"""
302535920000913,"""设定无人机携带能力"""
302535920000915,"""最大:1000个"""
302535920000916,"""无人机指挥中心可以控制<green>%s</green>无人机。"""
302535920000918,"""设定无人机中心无人机容量"""
302535920000921,"""无人机指挥车可以控制<green>%s</green>无人机。"""
302535920000924,"""RC Rover无人机容量设定"""
302535920000925,"""如果超过 2000，则删除保存（满载时）。"""
302535920000927,"""RC传输容量的设定"""
302535920000928,"""如果超过 1000，则可以删除保存（满载时）。"""
302535920000930,"""设定货机容量"""
302535920000932,"""设定货物穿梭速度"""
302535920000505,"""作业半径RC Rover"""
302535920000506,"""更改 RC Rover 无人机半径（忽略滑块）。"""
302535920000507,"""工作半径无人机中心"
302535920000508,"""更改无人机集线器的无人机半径（忽略滑块）。"""
302535920000510,"""无人机将岩石转化为混凝土需要多长时间？"""
302535920000512,"""无人机将移动多快"""
302535920000513,"""集线器的无人机数量变更"""
302535920000514,"""选择无人机集线器后，更改该集线器的无人机数量（取决于预制件数量）。"""
302535920000515,"""无人机工厂构建速度"""
302535920000516,"""改变无人机工厂制造无人机的速度。"""
302535920000519,"""无人机电池无限期"""
302535920000521,"""无人机构建速度"""
302535920000522,"""资源准备就绪后立即构建/修复。"""
302535920000527,"""无人机维修电源泄漏速度"""
302535920000530,"""无人机可以携带的量发生变化。"""
302535920000536,"""改变每个梭口上的梭子的数量"""
302535920000538,"""改变穿梭机的能力"""
302535920000540,"""改变穿梭机的速度。"""
302535920000541,"""RC设置充电距离"""
302535920000542,"""离电源线的距离，漫游者可以充电。"""
302535920000544,"""RC的移动速度会有多快。"""
302535920000549,"""RC即时资源转移"""
302535920000550,"""让它即时收集/转移资源。"""
302535920000551,"""RC存储容量"""
302535920000552,"""改变RC运输车/建造者可以携带的资源数量。"""
302535920001532,"""电池"""
302535920001307,"""网格信息"""
302535920001477,"""在网格中列出对象（空气",电力,"以及水）。""",,,,
302535920000142,"""隐藏"""
302535920000081,"""工人"""
302535920000333,"""建筑信息"""
302535920000345,"""在上面的文字中显示有关建筑的信息。"""
302535920001280,"""<left_click>*2来切换文本（每秒钟更新一次）。"""
302535920000126,"""从补给品视图中锁定"""
302535920000567,"""工人能力"""
302535920001272,"""更新"""
302535920000565,"""存储机械化仓库温度"""
302535920001269,"""每次点击数量"""
302535920001270,"""每件物品的重量"""
302535920001271,"""每件物品的价格"""
302535920001121,"""为你想改变的每个设置编辑数值，然后按OK键保存。"""
302535920001191,"""为<green>%s</green>建筑添加预制板。"""
302535920000936,"""你希望看到增加的东西？"""
302535920000937,"""有很多殖民者的滞后性。"""
302535920000940,"""选择要监测的东西。"""
302535920000942,"""你确定要发射一枚空火箭吗？"""
302535920000943,"""向火星发射火箭。"""
302535920000944,"""大和长信！"""
302535920000946,"""设置火箭货运能力"""
302535920000947,"""即时"""
302535920000948,"""原创"""
302535920000949,"""一半的原创"""
302535920000950,"""%s: 88英里/小时"""
302535920000951,"""火箭旅行时间"""
302535920000952,"""%s: 长猪沙丁鱼"""
302535920000953,"""设置殖民者能力"""
302535920000954,"""你需要选择一个有工人的建筑。"""
302535920000956,"""超过一千就会滞后（超过六万可能会崩溃）。"""
302535920000957,"""<green>%s</green>容量现在是<yellow>%s</yellow>。"""
302535920000958,"""你需要选择一个有能力（殖民者/空气/水/电力）的建筑。"""
302535920000959,"""你需要选择有访客空间的东西（服务/培训建筑）。"""
302535920000960,"""<green>%s</green>游客容量现在是<yellow>%s</yellow>。"""
302535920000961,"""游客容量"""
302535920000963,"""尺寸"""
302535920001094,"""显示所有货物的清单并允许你改变价格，",重量占用，,是否被锁定,"以及每次点击改变多少。""",,,
302535920000554,"""选择一个对象，然后点击这个，显示一个资源列表（显示离对象最近的资源）。"""
302535920000556,"""显示关于你的城市的最新信息列表。"""
302535920000557,"""发射空的火箭"""
302535920000558,"""向火星发射一枚空火箭。"""
302535920000561,"""旅行时间"""
302535920000566,"""允许临时仓库容纳100个而不是50个立方体。"""
302535920000568,"""设置所选类型的建筑物的工人能力","也适用于新放置的。""",,,,,
302535920000569,"""建设能力"""
302535920000570,"""设置选定类型的建筑物的容量","也适用于新放置的(殖民者/空气/水/电)。""",,,,,
302535920000571,"""建设游客能力"""
302535920000572,"""设置所有选定类型的建筑物的游客容量","也适用于新放置的。""",,,,,
302535920000573,"""存储通用仓库"""
302535920000574,"""改变通用存储库的容量。"""
302535920000575,"""存储其他仓库"""
302535920000576,"""改变其他储存库的容量。"""
302535920000577,"""存储废物仓库"""
302535920000578,"""改变废物储存库的容量。"""
302535920000579,"""存储机械化仓库"""
302535920000580,"""改变机械化仓库的储存能力。"""
302535920000036,"""<color ChoGGi_red>Click lightly！</color>"
"一定要阅读工具提示，如果不确定，可以问我""",
302535920001533,"""删除无效的标签对象"""
302535920001534,"""检查city.labels中是否有无效的对象，并将其从标签中删除。"""
302535920001483,"""缺失的MOD建筑"""
302535920001484,"""移除任何来自MOD的已放置的建筑。"
这可能会以其他方式损坏存档," 最好只是用它来测试。"""
302535920001351,"""火箭在着陆时崩溃的游戏"""
302535920001352,"""当你选择一个着陆点时。 你的游戏将崩溃到桌面。"""
302535920001299,"""在所有建筑物上切换工作"""
302535920001300,"""说到做到。 所有建筑物的工作状态将被切换（修复了几个问题）。"""
302535920001295,"""无人机不维修穹顶"""
302535920001296,"""如果你的无人机只是把聚合物倾倒在你的穹顶中心。"""
302535920000922,"""修复"""
302535920000938,"""切换"""
302535920000615,"""分类指挥中心区"""
302535920001071,"""无人机以错误的角度冲锋陷阵"""
302535920000248,"""殖民者被困在服务楼外"""
302535920000464,"""更新流浪者"""
302535920000964,"""漫游者无限循环"""
302535920000249,"""殖民者会离开一个餐厅/等，并停在它的外面，不再移动（可能与那些更聪明的工人ai mods之一有关）。"
,
似乎可以在一两个太阳日后修复它," 所以你应该不需要让这个东西运行。"""
302535920001193,"""删除蓝色网格标记"""
302535920001197,"""如果你有任何建筑物的周围有选择网格","而且你没有选择它(也修复了RC运输幽灵)。”""",,,,,
302535920000882,"""如果你有未生成的指挥官", 这可能会修复它们(可能需要几秒钟应用)。,,,,,
,
"你可能需要切换无人机召回按钮(针对某些问题)。""",
302535920000939,"""修复某些冻结问题（鼠标仍然移动屏幕", 而键盘不能)“,,,,,
302535920000055,"""重设所有殖民者"""
302535920000581,"""切换物体碰撞"""
302535920000582,"""选择一个物体并激活这个来切换碰撞（如果你有一个漫游者卡在穹顶里）。"""
302535920000583,"""在穹顶中重建可行走的点"""
302535920000584,"""有用吗？ 谁知道。"""
302535920000585,"""殖民者被困在火箭外面"""
302535920000586,"""如果任何殖民者被卡住了，而且你没有任何其他火箭卸下殖民者。"
,
"这将做一个小复制粘贴修复(他们将保持相同的特性/诸如此类)。""",
302535920000587,"""删除缺失的类对象"""
302535920000588,"""可能崩溃的游戏"," SAVE FIRST. These are probably from mods that were removed (if you're getting a PinDlg error then this should fix it).""",,,,,
302535920000591,"""试图登上火箭的殖民者冻结了游戏"""
302535920000592,"""并没有解决根本原因"," but it works.""",,,,,
302535920000593,"""用空的折线删除粒子"""
302535920000594,"""运行这个不会有任何伤害", as for when/if: I suppose if you have a broken looking object? or a meteor crashes into your mirror sphere power decoy thingy.,,,,,
"这可能会移除一些烟囱，比如混凝土挖掘机(只要切换到任何没有烟的烟囱)。”""",
302535920000595,"""镜面球卡住了"""
302535920000596,"""如果你有一个镜面球卡在地图的边缘","它不会死去/移动…(同时移除捕获的球体上的任何圆锥体)。""",,,,,
302535920000597,"""高FPS下的卡顿"""
302535920000598,"""如果你的单位在做结巴运动（来回晃动）",但如果你的FPS还不错，那么你的单位可能会有无法生成的路径(或者在路径上有一堵神奇的无形墙)。,,,,,
这可能会导致你的存档被损坏而无法加载(可能是一堆插件)，, 使用时要非常小心。</color>
,
"这可能会让殖民者如同人体蜈蚣一样排成长队。""",
302535920000599,"""无人机不断尝试封锁区"""
302535920000600,"""如果你有某个无人机库，它的无人机一直试图到达他们无法到达的地方。"""
302535920000601,"""闲置的无人机在有资源时不会建造"""
302535920000602,"""如果你有无人机闲置，而建筑工地需要建造，并且有资源可用，那么你很可能有一些无法到达的建筑工地。"
,
"这将删除其中的任何一个(资源不会被触及)。""",
302535920000603,"""删除黄色网格标记"""
302535920000604,"""如果你有任何建筑物周围有这些黄色网格标记（或其他任何地方），那么","那么这将移除它们。""",,,,,
302535920000605,"""莫斐斯项目雷达坠落"""
302535920000606,"""有时蓝色雷达的东西会掉下来。"""
302535920000607,"""即时修复"""
302535920000608,"""瞬间修复所有破损的管道和电缆。"""
302535920000609,"""将建筑物连接到最近的工作圆顶"""
302535920000610,"""如果你把里面的建筑放在外面，把它们连接的穹顶去掉。 "
302535920000611,"""探测车自动循环探索"""
302535920000612,"""如果一切都冻结了",但是在移动漫游车后，您仍然可以移动相机(默认情况下启用,"启用重启来切换)。""",,,,
302535920000614,"""无人机只有在储存量等于或大于其携带量时，才会从建筑物中拾取资源。"
这迫使他们在资源不止一个的时候选择)。,
,
"如果你设定了一个疯狂的产量，那么在召唤无人机之间需要一个小时。""",
302535920000616,"""每个太阳日都会浏览所有的建筑，并按最近的顺序排列他们的cc列表。"
,
"在拥有3616栋建筑和54个无人机中心的地图上，只需要不到一秒钟的时间。""",
302535920000617,"""参见工具提示"""
302535920000618,"""对我搞砸的这些原本应该没有任何问题",的东西进行修复，,"它们原本不需要。""",,,,
302535920000619,"""修复黑方块殖民者"""
302535920000620,"""如果有殖民者是黑方块，请点击这个。"""
302535920000621,"""将所有建筑对准六角网格"""
302535920000622,"""如果你有任何建筑物没有对准六角网格，就用这个。"""
302535920001651,"""解锁概述"""
302535920001652,"""概述在所有地图上都能发挥作用。"""
302535920001645,"""可能导致崩溃！"""
302535920001627,"""这只是视觉上的。 这不会影响游戏的状态（除非有东西用列表来检查）。"""
302535920001623,"""名单正常"""
302535920001624,"""改变要使用的灯光模型列表（夜间/白天/等）。"""
302535920001625,"""名单灾难"""
302535920001626,"""覆盖名单正常。"""
302535920001618,"""地图数据（突破）"""
302535920001619,"""这将需要<color ChoGGi_red>更长时间</color>（大约15s）。"""
302535920000973,"""将数值（-1）改为地形纹理中的一个索引号。"
打开 <green>%s</green>查看所有纹理," 工具提示显示了纹理索引。"""
302535920001237,"""地形类型重塑"""
302535920001312,"""而不是用一个纹理替换所有的纹理，然后重新添加东西","这将重新映射现有纹理。""",,,,,
302535920001313,"""地图上使用的数量。 %s"""
302535920001501,"""地图数据"""
302535920001502,"""将地图位置数据导出到<green>%sMapData.csv</green>（将需要一段时间）。"
,
有关筛选列表，请参见survivingmaps.com。,
不要在开始新的游戏屏幕中使用(评级/拓扑将被打乱)。,
难度挑战/命名位置可能对某些存档无效(最好开始新游戏," 或从主菜单运行）。"")"
302535920001489,"""切换地图边缘限制"""
302535920001490,"""删除地图边缘的推回限制。"""
302535920001487,"""重新加载地图"""
302535920001488,"""将地图重新加载为新游戏。"""
302535920001208,"""殖民者数据"""
302535920001219,"""将殖民者数据导出到<green>%sColonists.csv</green>。"""
302535920001450,"""图表数据"""
302535920001452,"""将指挥中心图表数据导出到%sGraphs.csv。"""
302535920000862,"""对象规划师"""
302535920000863,"""在鼠标光标处放置假的建筑工地对象（禁止碰撞）。"""
302535920001375,"""鸟的眼睛"""
302535920001429,"""摄像机可以向上移动多远。"""
302535920001385,"""使用这些列表来寻找正确的ID。"""
302535920001386,"""可以在%s>%s>%s之后更改。"""
302535920000061,"""放置物品"""
302535920000062,"""打开编辑器模式和放置对象对话框。"""
302535920001370,"""如果有什么东西使相机视图变得古怪，你可以用这个来修复它。"""
302535920001111,"""更白的岩石"""
302535920001113,"""在使用极地纹理时，帮助岩石更好地融入。"""
302535920000674,"""地形编辑器切换"""
302535920000675,"""打开地图编辑器，画笔工具可见。"""
302535920001292,"""列出所有对象"""
302535920001293,"""一个对象的列表。 <left_click>*2在一个上选择并将摄像机移至该处。"""
302535920001294,"""滞后"""
302535920000629,"""用户界面透明化"""
302535920000637,"""视频存储器"""
302535920000635,"""地形细节"""
302535920000265,"""脉动引脚禁用"""
302535920000335,"""当真正的针脚不再做脉动运动时（悬停在上面停止）。"""
302535920000982,"""自定义"""
302535920000633,"""灯光半径"""
302535920000641,"""纹理压缩"""
302535920000643,"""更高的渲染距离"""
302535920000645,"""更高的影子距离"""
302535920001238,"""去除岩石，获得平滑的地图感觉。"""
302535920000803,"""对于规则，用空格分开。 饥饿的ColonyPrefab（或留空表示没有）。"""
302535920000974,"""地图默认。 <green>%s</green>"""
302535920000987,"""如果你用永久。 你必须选择默认来删除设置（否则下次启动游戏时，它就会设置灯光模型）。"""
302535920000988,"""永久"""
302535920000989,"""让它一直保持在选定的灯光模式（包括重启）。"""
302535920000991,"""<右键>*2来预览灯光模型而不关闭对话框。"""
302535920000993,"""建立菜单"""
302535920000994,"""控制台记录文本"""
302535920000995,"""信息面板（选择）"""
302535920000996,"""控制台文本输入"""
302535920000997,"""插销菜单"""
302535920000998,"""作弊菜单"""
302535920000999,"""透明度已被更新。"""
302535920001000,"""底部的按钮"""
302535920001002,"""由于某种原因，他们对这个问题采取了相反的态度: <yellow>255</yellow>是不可见的，<yellow>0</yellow>是可见的。"
"Set value to <green>0</green> to remove setting.""",
302535920001003,"""重新启动以启用"""
302535920001004,"""01最低限度（25）"""
302535920001005,"""02下（50）"""
302535920001006,"""03低（90）<菜单选项"""
302535920001007,"""04中（95）<菜单选项"""
302535920001008,"""05高（100）<菜单选项"""
302535920001009,"""06 Ultra (200)"""
302535920001010,"""07 Ultra-er (400)"""
302535920001011,"""08 Ultra-er (600)"""
302535920001012,"""09 Ultraist (1000)"""
302535920001013,"""10 滞后（10000）"""
302535920001015,"""视频"""
302535920001016,"""设置灯光半径"""
302535920001017,"""调高半径的光渗出量"," 似乎对FPS伤害不大。""",,,,,
302535920001018,"""超过1000将增加长时间的加载延迟（并可能崩溃）。"""
302535920001021,"""03低（100）<菜单选项"""
302535920001022,"""04中号（150）<菜单选项"""
302535920001024,"""06 Ultra (200) < 菜单选项"""
302535920001030,"""似乎没有使用太多的CPU，",但是加载时间可能会增加。我限制最大值为1000,如果你有一台Nvidia Volta，想使用更多的内存，那么通过设置文件来实现。,,,,
,
"And yes Medium is using a higher setting than High...""",
302535920001031,"""1 最垃圾(32)"""
302535920001032,"""2 很垃圾（64）"""
302535920001033,"""3 垃圾（128）"""
302535920001034,"""4低（256）<菜单选项"""
302535920001035,"""5中（512） < 菜单选项"""
302535920001036,"""6高（1024）<菜单选项"""
302535920001037,"""7 极致 (2048) < 菜单选项"""
302535920001038,"""8 史诗（4096）"""
302535920001039,"""9 传说 (8192)"""
302535920001041,"""设置视频内存使用"""
302535920001042,"""最高使用的内存（1G为基础，"," 一组为更大基础）。""",,,,,
302535920001043,"""1 垃圾(256)"""
302535920001044,"""2 下（512）"""
302535920001045,"""3 低（1536）<菜单选项"""
302535920001046,"""4 中（2048） < 菜单选项"""
302535920001047,"""5 高（4096） < 菜单选项"""
302535920001048,"""6 更高（8192）"""
302535920001049,"""7 最高（16384）"""
302535920001051,"""设置阴影图大小"""
302535920001052,"""最大限制为16384（或崩溃）。"""
302535920001054,"""对大型基地的FPS冲击最小"""
302535920001055,"""大基数上的小FPS冲击"""
302535920001056,"""FPS的打击"""
302535920001058,"""相机"""
302535920001059,"""RTS"""
302535920001060,"""飞"""
302535920001061,"""跟随"""
302535920001062,"""向下滚动可能不起作用（取决于长宽比）。"""
302535920001063,"""禁用鼠标边框滚动"," WASD 仍然可用。""",,,,,
302535920001064,"""老鼠"""
302535920001065,"""菜单选项"""
302535920001206,"""改变自动保存的间隔时间。"""
302535920000845,"""渲染"""
302535920000623,"""地形类型改变"""
302535920000624,"""绿色或冰冷的火星？ 马上就来!"
"(别忘了一个光照模型)""",
302535920000626,"""改变照明模式（临时或永久）。"""
302535920000630,"""改变UI项目的透明度（信息面板",菜单," 指针）。""",,,,
302535920000631,"""用户界面透明度鼠标悬停"""
302535920000632,"""在鼠标移动时切换移除透明度。"""
302535920000634,"""设置灯光半径（菜单>选项>视频>灯光）。",菜单选项最大值为100。,,,,,
"让你从更远的地方/更远的地方看到灯光？""",
302535920000636,"""设置hr.TR_MaxChunks（菜单>选项>视频>地形）。",菜单选项最大值为200。,,,,,
"使背景地形更加详细(确保在选项菜单中也将地形贴在Ultra上)。""",
302535920000638,"""设置 hr.DTM_VideoMemory (Menu>Options>Video>Textures)","菜单选项最大值为2048。""",,,,,
302535920000639,"""影子地图"""
302535920000640,"""设置阴影图大小（菜单>选项>视频>阴影）。","菜单选项最大值为4096。""",,,,,
302535920000642,"""切换纹理压缩（游戏默认为开，"," 对600MB的显存有影响)。""",,,,,
302535920000644,"""从更远的地方渲染模型。"
"除非使用更高的缩放比例，否则不明显。""",
302535920000646,"""从更远的地方渲染影子。"
"除非使用更高的缩放比例，否则不明显。""",
302535920000648,"""为鼠标边框滚动设置激活的大小。"""
302535920000649,"""缩放距离"""
302535920000650,"""进一步放大距离。"""
302535920000651,"""自由切换相机"""
302535920000652,"""我相信我可以飞。"""
302535920000653,"""切换跟随摄像机"""
302535920000654,"""选择（或将鼠标放在）一个要跟踪的对象上。"""
302535920000655,"""切换光标"""
302535920000656,在移动摄像机和选择物体之间切换。
302535920001647,"""窗口标题"""
302535920001648,"""如果你不希望ECM改变窗口的标题，那就禁用这个功能（重新启动才能生效）。"""
302535920001634,"""这个mod需要我的lib mod（ChoGGi's Library）。"""
302535920000990,"""你需要有一个鼠标来使用这个mod。"""
302535920000887,"""如果你得到一个禁用的内容限制错误。 由Paradox来审查/恢复它（打扰他们而不是我）。"
,
如果你对这个模块有任何问题，请给我发一个错误报告，而不是报告模块。,
https://github.com/ChoGGi/SurvivingMars_CheatMods,
https://discord.gg/ZXXYaExThy,
https://steamcommunity.com/id/ChoGGi/,
"SurvivingMarsMods@choggi.org""",
302535920000221,"""参见日志，了解任何批处理错误。"""
302535920001572,"""<color ChoGGi_red>Pack Warning</color>。 在第二次调用时，SM会立即崩溃，",手动打包mod来解决它。,,,,,
您也可以将可执行文件放在配置文件文件夹中使用它 (<green>无崩溃</green>):,
"<yellow>%s</yellow>.""",
302535920000323,"""修改"""
302535920001511,"""AsyncPack在你第二次调用它的时候会CTD，",你可以用hpk提前打包mod。,,,,,
,
https://github.com/nickelc/hpk,
"<green>hpk create """"Mod folder"""" ModContent.hpk</green>",
"Move archive to """"Mod folder/Pack/ModContent.hpk""""""",
302535920001509,"""平台"""
302535920001510,"""Paradox mods平台。 选中后只上传到桌面，不选中则上传到桌面和控制台。"
"If you have a uuid in your metadata.lua this checkbox is ignored and it'll try the any uuid then the desktop uuid.""",
302535920001506,"""蒸汽"""
302535920001507,"""取消勾选上传至Paradox mods（而不是Steam）。"""
302535920001485,"""除了将mod上传到车间外，做其他一切事情（见AppData/ModUpload）。"""
302535920001481,"""显示开机提示"""
302535920001482,"""将地图加载所需的时间打印到控制台。"""
302535920001427,"""打包"""
302535920001412,"""GUI图形用户界面停靠侧"""
302535920001413,"""改变GUI菜单的哪一面（大部分）。"""
302535920000321,"""启用工具提示"""
302535920000322,"""禁用此功能将删除大部分工具提示（不是作弊菜单/窗格）。"""
302535920001387,"""切换标志"""
302535920001388,"""混凝土", metal deposits, not working," etc...""",,,
302535920000665,"""如果上传mod，这将复制mod的steam id或uuid到剪贴板。"""
302535920001364,"""不要做一个混蛋给%s... 在使用别人的辛勤工作之前，一定要征求同意。"""
302535920001365,"""HPK文件将被解压到AppData/Mod/ModSteamId"""
302535920001362,"""提取HPKs"""
302535920001363,"""显示Steam/Paradox下载的mod hpk文件列表，以供提取（或使用hpk.exe）。"
"文件放在您的个人资料文件夹\Mods中""",
302535920000504,"""列出所有菜单项目"""
302535920001323,"""在一个列表对话框中显示所有的作弊菜单项目。"""
302535920001285,"""在网络浏览器中打开。"""
302535920001281,"""关于你的计算机的信息（如SM所见）。"""
302535920001282,"""关于这个保存的游戏的信息（主要是对象）。"""
302535920000892,"""屏幕截图"""
302535920000893,"""界面"""
302535920000367,"""Mod上传"""
302535920000236,"""模版编辑"""
302535920001265,"""ModMessageLog"""
302535920001258,"""复制文件"""
302535920001259,"""将所有mod文件复制到<green>%sModUpload</green>。","取消选中以手动复制文件。""",,,,,
302535920001260,"""空白"""
302535920001261,"""上传一个空白mod","并在日志中打印id。""",,,,,
302535920001262,"""<green>%sMod上传</green>文件夹是空的，等待文件。"""
302535920001263,"""<color ChoGGi_red>%s</color>与你的名字不同","你是否要更新它?""",,,,,
302535920001244,"""将设置保存到文件中","并应用任何改变。""",,,,,
302535920001245,"""在不触及任何东西的情况下中止。"""
302535920000466,"""这将禁用作弊菜单，",作弊面板,以及热键。,,,,
"在设置文件中将DisableECM更改为false以重新启用它们。""",
302535920001070,"""重新启动才能生效。"""
302535920001072,"""你确定你要重置ECM设置吗？"
"旧设置保存为 <green>%s</green>  (如果不使用HelperMod，则可以不保存)。""",
302535920001078,"""将鼠标悬停在菜单项目上以获得描述和启用状态"
如果没有状态，那么它可能是一个可供选择的选项列表,
,
For any issues; please report them to my Github/Steam/NexusMods page," 或发送电子邮件<green>%s</green>"""
302535920001264,"""显示要上传到Steam Workshop的mods列表。"""
302535920001242,"""编辑ECM设置"""
302535920001243,"""手动编辑ECM设置。"""
302535920000875,"""游戏功能"""
302535920000465,"""禁用菜单",作弊面板，,热键，,但保留设置不变。您需要在设置文件中手动重新启用,或者勾选已禁用的ECM的组合键,,
,
按<green>Ctrl-Shift-0</green>重新启用," 或见游戏选项>键绑定的重新启用键。"""
302535920001025,"""救命啊！。"" 我和傻子在一起！"""
302535920001014,"""隐藏作弊器菜单"""
302535920001019,"""这将隐藏作弊器菜单。 用F2可以再次调出。"""
302535920001020,"""请阅读"""
302535920001023,"""如果你在查看文本中打开它，这将需要一段时间。"""
302535920001029,"""更改日志"""
302535920001028,"""有一个教程"," or general info you'd like to add?""",,,,,
302535920000657,"""屏幕截图"""
302535920000658,"""写屏幕截图"""
302535920000659,"""屏幕截图放大"""
302535920000660,"""写出的屏幕截图被放大"""
302535920000661,"""在截图中显示界面"""
302535920000662,"""你想看看截图中的界面吗？"""
302535920000666,"""切换屏幕上的提示"""
302535920000667,"""不要为这个游戏显示提示。"""
302535920000668,"""重置屏幕上的提示"""
302535920000669,"""万一你想再见到他们。"""
302535920000670,"""从不显示暗示"""
302535920000671,"""永远不要再有暗示。"""
302535920000672,"""关于ECM"""
302535920000673,"""信息对话。"""
302535920000676,"""重置ECM设置"""
302535920000677,"""将所有ECM设置重置为默认值（重新启动以启用）。"""
302535920000356,"""时间因素"""
302535920000387,"""改变时间因素（不是永久性的）。 为了便于截图或什么的。"""
302535920000523,"""默认速度要乘以多少。 <green>%s</green>。"""
302535920000694,"""设置不透明度"""
302535920001126,"""双倍"""
302535920000647,"""边界滚动"""
302535920001255,"""将只适用于与所选对象在同一圆顶的对象。"""
302535920001256,"""将只适用于选定的对象。"""
302535920000347,"""星星穹顶"""
302535920000351,"""六面体穹顶"""
302535920001081,"""将标志改为材料。"""
302535920001082,"""将材料改为标志。"""
302535920001083,"""改变表面标志"""
302535920001088,"""%s: 停止那该死的Bouzouki！"""
302535920001090,"""你只能一次重置所有的声音。"""
302535920001093,"""切换了: <green>%s</green> 可销对象。"""
302535920001097,"""输入一个类名（SelectedObj.class）来添加一个自定义条目。"""
302535920001098,"""添加到列表"""
302535920001099,"""将这些项目添加到取消粘贴的列表中。"""
302535920001100,"""从列表中删除"""
302535920001101,"""将这些项目从取消钉子列表中删除。"""
302535920001103,"""对象"""
302535920001105,"""选择/鼠标放在一个物体上（建筑物",载具,图标,"露出地 面的岩层）。""",,,
302535920001106,"""改变主要对象的颜色。"""
302535920001107,"""改变附加对象的颜色。"""
302535920001108,"""<左键>*2打开对象/附件进行编辑（选择要闪光的对象）。"""
302535920001109,"""循环，并使所有<green>%s</green>可见。"""
302535920001117,"""不透明度"""
302535920001118,"""使其隐身后仍可选择项目 (0)","但这可能需要一些努力:)。""",,,,,
302535920001122,"""%s: HAXOR"""
302535920001127,"""3倍"""
302535920001128,"""4倍"""
302535920001129,"""8倍"""
302535920001130,"""17倍"""
302535920001131,"""33倍"""
302535920001132,"""65倍"""
302535920001134,"""%s = 基数<green>%s</green>乘以自定义值数量。"""
302535920001135,"""%s: 请原谅！ 视觉所及的速度太快了吗？ 我会用慢动作告诉你。"""
302535920001139,"""你需要选择一个对象。"""
302535920001140,"""没有动画。"""
302535920001141,"""默认实体"""
302535920001142,"""Kosmonavt"""
302535920001143,"""Jama"""
302535920001144,"""绿色人"""
302535920001145,"""火星"""
302535920001146,"""行星地球"""
302535920001147,"""火箭小号"""
302535920001148,"""火箭常规"""
302535920001149,"""战斗漫游者"""
302535920001150,"""PumpStation演示"""
302535920001151,"""为<green>%s</green>设置实体。"""
302535920001153,"""如果你想让我从EntityData中添加更多的实体，请发布一个请求（使用ex(EntityData)来列出）。"
,
"Not permanent for colonists after they exit buildings (for now).""",
302535920001156,"""当前对象"""
302535920001157,"""如果你不选一个复选框，它将改变所有选定的类型。"""
302535920000678,"""将表面标志改为材料"""
302535920000679,"""将所有丑陋的浸泡断裂标志改为材料（可逆）。"""
302535920000682,"""改变实体"""
302535920000683,"""将选定对象的实体","更改为所有相同类型或者所选穹顶中的所有相同类型。""",,,,,
302535920000684,"""改变实体规模"""
302535920000685,"""通过它，你可以让他们变大","或变小。""",,,,,
302535920000686,"""自动解压对象"""
302535920000687,"""将自动阻止这些对象中的任何一个被添加到钉子的列表中。"""
302535920000688,"""清洁所有物体"""
302535920000689,"""清除所有物体上的所有灰尘。"""
302535920000690,"""修复所有对象"""
302535920000691,"""修复所有失灵的物体。"""
302535920000693,"""选择/鼠标移到一个物体上以改变颜色"
"Use Shift- or Ctrl- for random colours/reset colours.""",
302535920000695,"""改变物体的不透明度。"""
302535920000696,"""作弊面板"""
302535920000697,"""在信息面板（选择面板）中显示作弊面板。"""
302535920000698,"""清理作弊面板"""
302535920000699,"""从欺骗窗格中删除一些条目（重新启动以重新启用）。"
,
添加维护点,目标球体,生成工人," 生成游客""",,,,
302535920000700,"""扫描器队列增大"""
302535920000701,"""排队到100个方块。"""
302535920000703,"""改变游戏速度（仅适用于常速/中速/快速","模式）。""",,,,,
302535920000201,"""生效"""
302535920000867,"""""切换<yellow>%s</yellow>灾害的发生"""
302535920001460,"""添加/删除对手的殖民地。"""
302535920001462,"""<green>%s</green>对手的殖民地。"""
302535920001247,"""开始挑战"""
302535920001249,"""显示你可以开始的挑战列表（取代当前）。"""
302535920001415,"""完成: <green>%s</green>"""
302535920001409,"""目标"""
302535920001403,"""无人机类型"""
302535920001404,"""改变什么类型的无人机会产生（不影响现有的）。"""
302535920001405,"""无人机现在将生成为。 <green>%s</green>"""
302535920001406,"""无人机中心只能有一种类型的无人机，","因此您需要为您想要更改的每个无人机中心打包/解包所有无人机（或使用无人机>%s）。""",,,,,
302535920001357,"""排除名单"""
302535920000716,"""设置指挥官"""
302535920000712,"""设置赞助商"""
302535920001183,"""添加"""
302535920001165,"""启用状态"""
302535920001158,"""任务目标"""
302535920001160,"""%s:"
灾难? 全体,公民。
这就是我们所说的世界之灾，,
人类的末日。不管它击中哪里。没有什么能存活，,"即使是细菌。"""
302535920001161," 甚至连细菌都没有。"""
302535920001168,"""这次保存的赞助商现在是 <green>%s</green> 。"""
302535920001169,"""修改过的暂时基本不考虑（只考虑货物空间/研究点）。"""
302535920001170,"""关闭"""
302535920001171,"""关闭选定的奖金（默认为打开）。"""
302535920001172,"""全部关闭"""
302535920001173,"""关闭所有奖金。"""
302535920001178,"""设置新Logo"""
302535920001179,"""<green>%s</green> 事件级别: <yellow>%s</yellow>"""
302535920001180,"""灾害事件"""
302535920001182,"""设置游戏规则"""
302535920001185,"""增加选定的规则"""
302535920001186,"""删除选定的规则"""
302535920000966,"""设置当前的 <yellow>%s</yellow> 灾害级别"""
302535920000965,"""改变""""游戏规则""""."""
302535920000704,"""立刻完成任务目标"""
302535920000705,"""显示任务目标清单，并允许你通过其中任何一个目标。"""
302535920000706,"""立刻殖民地批准"""
302535920000707,"""使你的殖民地立即得到批准（可以在你召唤第一批受害者之前调用）。"""
302535920000708,"""流星伤害"""
302535920000710,"""改变标志"""
302535920000711,"""为任何使用该标志的东西改变标志。"""
302535920000713,"""换成另一个赞助商。"""
302535920000714,"""设置奖金的赞助商"""
302535920000715,"""只应用好的效果（没有弊端）。"
,
(如果值已经存在;就设置更大的数值)。,
"Restart to set disabled.""",
302535920000717,"""换成另一个指挥官。"""
302535920000718,"""设置奖金指挥官"""
302535920001380,"""报告错误"""
302535920001381,"""打开错误报告对话框（这将在AppData/BugReport中添加一个屏幕截图）。"""
302535920001346,"""随机颜色"""
302535920001347,"""显示控制台"""
302535920001348,"""重新启动"""
302535920001350,"""最后选定/建造的建筑地点"""
302535920010000,"""math.%s尚未实施。"""
302535920010001,"""错误参数 #%s to 'math.%s' (%s)"""
302535920010002,"""0"""
302535920010003,"""小于或等于0"""
302535920010004,"""小于0"""
302535920010005,"""arg#2 - arg#1 == 小于0"""
302535920010006,"""测试数学: 开始"""
302535920010007,"""测试数学: 结束"""
302535920010008,"""测试数学: Error file: (%s) line number: (%s) val1: (%s) val2: (%s) func: (math.%s)"""
